0,"Jefferson, Thomas"
1,"Seneca, Lucius Annaeus"
2,"Anonymous"
3,"Hodgson, William Hope"
4,"Tucker, George"
5,"Waddington, Mary King"
6,"Le Fanu, Joseph Sheridan"
7,"Boccaccio, Giovanni"
8,"Lindsay, Anna Robertson Brown"
9,"Adams, Samuel Hopkins"
10,"Hayley, William"
11,"Dante Alighieri"
12,"Unknown"
13,"Hammond, S. H. (Samuel H.)"
14,"Various"
15,"Muir, John"
16,"Longfellow, Henry Wadsworth"
17,"Bueltmann, A. J."
18,"Leverson, Ada"
19,"Brooks, Charles S. (Charles Stephen)"
20,"Cross, F. J. (Frederick J.)"
21,"Hurst, Fannie"
22,"Foster, John B. (John Buckingham)"
23,"Avery, Harold"
24,"Magnay, William, Sir"
25,"Buffalo Bill"
26,"Poe, Edgar Allan"
27,"Black, Edith Ferguson"
28,"unknown"
29,"Lee, Charles A."
30,"Robins, Elizabeth"
31,"Ladue, Joseph"
32,"Behn, Aphra"
33,"Cabell, James Branch"
34,"Murray, E. R. (Elsie Riach)"
35,"Wood, William Charles Henry"
36,"Hancock, H. Irving (Harrie Irving)"
37,"Wheeler, Janet D."
38,"Oliphant, Mrs. (Margaret)"
39,"Buchan, John"
40,"Cary, Henry Francis"
41,"Quigley, Edward J."
42,"Hope, Anthony"
43,"Baum, L. Frank (Lyman Frank)"
44,"Huxley, Thomas Henry"
45,"Wilson, Epiphanius"
46,"Beck, James M. (James Montgomery)"
47,"Towne, Elizabeth"
48,"Keenan, Henry F. (Henry Francis)"
49,"Stevenson, Burton Egbert"
50,"Farnol, Jeffery"
51,"Brand, Max"
52,"Keller, Arthur Ignatius"
53,"Planta, Joseph"
54,"Edwardes, S. M. (Stephen Meredyth)"
55,"Eggleston, Edward"
56,"Smith, Venture"
57,"Johnson, Douglas Wilson"
58,"Moxon, Elizabeth"
59,"Bindloss, Harold"
60,"Greever, Garland"
61,"Blatch, Harriot Stanton"
62,"Hayes, Clair W. (Clair Wallace)"
63,"Basset, René"
64,"Hoskins, Gayle Porter"
65,"Watson, John R. (John Reay)"
66,"Forsslund, Louise"
67,"Otis, James"
68,"Mackenzie, Donald A. (Donald Alexander)"
69,"Green, Anna Katharine"
70,"MacDonald, George"
71,"Nitti, Francesco Saverio"
72,"Oxonian"
73,"Garnett, Richard"
74,"Murray, Gilbert"
75,"Carpenter, Edward"
76,"Massey, W. T. (William Thomas)"
77,"Roosevelt, Theodore"
78,"Sterling, Bruce"
79,"Nichol, John"
80,"Hudson, W. H. (William Henry)"
81,"Le Queux, William"
82,"Johnson, Rossiter"
83,"Dalton, Hugh Dalton, Baron"
84,"Marquand, John P. (John Phillips)"
85,"Tracy, Louis"
86,"Sweetser, Kate Dickinson"
87,"Fiske, John"
88,"Kingsley, Charles"
89,"Dyer, T. F. Thiselton (Thomas Firminger Thiselton)"
90,"Shelley, Percy Bysshe"
91,"Hutton, Edward"
92,"Graves, Robert"
93,"Johnson, Edward Gilpin"
94,"Waugh, Edwin"
95,"Evans, Robert J."
96,"Rudd, John, LL. D."
97,"Wells, H. G. (Herbert George)"
98,"Lucas, E. V. (Edward Verrall)"
99,"Merriman, Henry Seton"
100,"Quiller-Couch, Arthur"
101,"Brummitt, Dan B. (Dan Brearley)"
102,"Stevenson, Robert Louis"
103,"Beeton, Mrs. (Isabella Mary)"
104,"Tyrrell, George"
105,"Bower, B. M."
106,"Bryant, William Cullen"
107,"Stork, Elisabeth P. (Elisabeth Pausinger)"
108,"Toynbee, Arnold"
109,"Moore, Frank"
110,"Russell, Thomas Herbert"
111,"Pyle, Howard"
112,"Cooper, James Fenimore"
113,"Parkman, Francis"
114,"Stoker, Bram"
115,"Austin, Walter F. (Walter Forward)"
116,"Raleigh, Walter Alexander, Sir"
117,"Elwes, R. H. M. (Robert Harvey Monro)"
118,"Bernbaum, Ernest"
119,"Foster, Herbert Baldwin"
120,"Hurgronje, C. Snouck (Christiaan Snouck)"
121,"McClung, Nellie L."
122,"Greg, Percy"
123,"Smith, Thomas F. A."
124,"Brontë, Emily"
125,"Twain, Mark"
126,"Lowell, Amy"
127,"Grey, Zane"
128,"Kendall, Phebe Mitchell"
129,"Lindsay, Vachel"
130,"Parrish, Randall"
131,"Leslie, Lawrence J."
132,"Peck, George W. (George Wilbur)"
133,"Gregory, Jackson"
134,"Taylor, Thomas"
135,"Holley, Marietta"
136,"Austin, Mary Hunter"
137,"Knight, William Angus"
138,"Garis, Howard Roger"
139,"Webb-Peploe, Mrs. (Annie)"
140,"Nixon-Roulet, Mary F."
141,"Adams, J. Esslemont"
142,"Saunders, Marshall"
143,"Dickens, Charles"
144,"Cable, George Washington"
145,"Rumford, Benjamin, Graf von"
146,"Berman, Louis"
147,"Allen, Quincy"
148,"Wells, Carolyn"
149,"Barrow, Isaac"
150,"Brontë, Charlotte"
151,"London, Jack"
152,"Scudder, Horace Elisha"
153,"Verne, Jules"
154,"Sullivan, Arthur"
155,"Symonds, John Addington"
156,"Hafiz, active 14th century"
157,"Fitzhugh, Percy Keese"
158,"Emerson, Alice B."
159,"Godwin, William"
160,"James, Henry"
161,"May, Sophie"
162,"Rideout, Henry Milner"
163,"Conklin, Nathaniel, Mrs."
164,"Stratemeyer, Edward"
165,"Vance, Louis Joseph"
166,"Cassels, Walter Richard"
167,"Smith, Laura Rountree"
168,"Wiggin, Kate Douglas Smith"
169,"Vizetelly, Ernest Alfred"
170,"Dickinson, G. Lowes (Goldsworthy Lowes)"
171,"Dodsley, Robert"
172,"Garnett, R. A. (Rachel Alice)"
173,"Aaronsohn, Alexander"
174,"Owen, Wilfred"
175,"Stoddard, William Osborn"
176,"Horne, Charles F. (Charles Francis)"
177,"Lamb, Mary"
178,"Trollope, Frances Milton"
179,"McGuinn, Roger"
180,"Robinson, Edwin Arlington"
181,"Johnson, Samuel"
182,"Richardson, James"
183,"Boswell, James"
184,"O'Neill, Rose Cecil"
185,"Lawson, Henry"
186,"Alcott, Louisa May"
187,"Troward, T. (Thomas)"
188,"Dolbey, Robert Valentine"
189,"Gandhi, Mahatma"
190,"Carr, John, Sir"
191,"Stockton, Frank Richard"
192,"Yeardley, John"
193,"Venables, Edmund"
194,"Musick, John R. (John Roy)"
195,"Oppenheim, E. Phillips (Edward Phillips)"
196,"Vachell, Horace Annesley"
197,"Fletcher, J. S. (Joseph Smith)"
198,"Bowman, Earl Wayland"
199,"Mill, John Stuart"
200,"Garvice, Charles"
201,"Wells, Philip P. (Philip Patterson)"
202,"Locker, Arthur"
203,"Howard, J. E."
204,"Bull, Thomas"
205,"Clarkson, Thomas"
206,"Carter, F. A. (Freeland A.)"
207,"Bullen, A. H. (Arthur Henry)"
208,"Long, William J. (William Joseph)"
209,"Livingstone, David"
210,"Waterloo, Stanley"
211,"Brampton, Henry Hawkins, Baron"
212,"Guest, Edgar A. (Edgar Albert)"
213,"Van Dyke, Henry"
214,"Harkness, Peter T."
215,"McCracken, Elizabeth"
216,"Roosevelt, Franklin D. (Franklin Delano)"
217,"Drayton, Daniel"
218,"Isham, Frederic Stewart"
219,"Bilbrough, E. Ernest"
220,"Raine, William MacLeod"
221,"Jellicoe, John Rushworth"
222,"Shakespeare, William"
223,"Merrill, Frank T."
224,"Hubbard, Elbert"
225,"Dulabone, Chris"
226,"Lewes, George Henry"
227,"Galt, John"
228,"Mundy, Talbot"
229,"Gale, Zona"
230,"McCabe, Joseph"
231,"Morley, Henry"
232,"Hughes, Louis"
233,"Perry, Nora"
234,"Spyri, Johanna"
235,"Eddy, Mary Baker"
236,"Mackay, Isabel Ecclestone"
237,"Herrman, Karl Stephen"
238,"Train, Arthur Cheney"
239,"Chambers, Robert W. (Robert William)"
240,"Lansing, Robert"
241,"Grinnell, George Bird"
242,"Doyle, Arthur Conan"
243,"Le Gallienne, Richard"
244,"Brown, William Wells"
245,"Greene, Homer"
246,"De La Pasture, Henry, Mrs."
247,"Blaisdell, Albert F. (Albert Franklin)"
248,"Turnbull, Lawrence, Mrs."
249,"Flaubert, Gustave"
250,"Yeats, W. B. (William Butler)"
251,"Gregory, Augustus Charles"
252,"Eliot, Ethel Cook"
253,"Hope, Laura Lee"
254,"Burnett, Frances Hodgson"
255,"Brooke, L. Leslie (Leonard Leslie)"
256,"Hammerton, John Alexander, Sir"
257,"Wace"
258,"White, William Patterson"
259,"Copplestone, Bennet"
260,"Freeman, R. Austin (Richard Austin)"
261,"Lord, John"
262,"Atticus"
263,"Alcott, William A. (William Andrus)"
264,"Smith, C. Alphonso (Charles Alphonso)"
265,"Root, Elihu"
266,"Seccombe, Thomas"
267,"Summerhayes, Martha"
268,"Powers, Leland Todd"
269,"Green, Alice Stopford"
270,"Trask, Katrina"
271,"Shaw, Bernard"
272,"Austen, Jane"
273,"McGaffey, Kenneth"
274,"Dell, Ethel M. (Ethel May)"
275,"Carlyle, Thomas"
276,"Clinton, Bill"
277,"Bridges, Victor"
278,"Smith, R. Cadwallader"
279,"Cotter, Frank J."
280,"Jackson, Helen Hunt"
281,"Adams, E. E. (Ezra Eastman)"
282,"Hay, John"
283,"American Tract Society"
284,"W. M."
285,"Crawford, F. Marion (Francis Marion)"
286,"Euripides"
287,"Calkin, John Baptiste"
288,"Conrad, Joseph"
289,"Pierpont, James"
290,"Browne, Theo. Stephenson"
291,"Stevenson, Augusta"
292,"Clough, Ethlyn T."
293,"Soissons, Count de"
294,"Child, Lydia Maria"
295,"Hazlitt, William Carew"
296,"Wodehouse, P. G. (Pelham Grenville)"
297,"Yonge, Charles Duke"
298,"Orczy, Emmuska Orczy, Baroness"
299,"Cooke, John Esten"
300,"Owen, Will"
301,"Jacobs, W. W. (William Wymark)"
302,"Hume, David"
303,"Langworthy, John Luther"
304,"Prévost, Marcel"
305,"Barnum, Vance"
306,"Ferri, Enrico"
307,"Bradley, Alice"
308,"Beach, Charles Amory"
309,"Grattan, Thomas Colley"
310,"Boothby, Guy"
311,"Gilfillan, George"
312,"Halsey, Francis W. (Francis Whiting)"
313,"International Committee of the Red Cross"
314,"Montagu, Mary Wortley, Lady"
315,"Trumbull, H. Clay (Henry Clay)"
316,"Grayson, David"
317,"Knowles, Frederic Lawrence"
318,"Cibber, Theophilus"
319,"Snell, Roy J. (Roy Judson)"
320,"Burroughs, Edgar Rice"
321,"Kerr, Robert"
322,"Spenser, Edmund"
323,"Beynon, William George Laurence, Sir"
324,"Wright, Blanche Fisher"
325,"Smith, Arthur Cosslett"
326,"Elgin, James Bruce, Earl of"
327,"Henderson, Hubert Douglas, Sir"
328,"Adams, Brooks"
329,"Locke, John"
330,"Benwell, John"
331,"Fletcher, John"
332,"Stribling, T. S. (Thomas Sigismund)"
333,"Glaspell, Susan"
334,"Blackwood, Algernon"
335,"Keeling, Annie E."
336,"Wilkinson, Spenser"
337,"Havergal, Frances Ridley"
338,"Halleck, Reuben Post"
339,"Daniel, Florence"
340,"Tasso, Torquato"
341,"Yule, Henry, Sir"
342,"Booth, Mary L. (Mary Louise)"
343,"Heffner, George H."
344,"Kleiser, Grenville"
345,"Cram, Ralph Adams"
346,"Mee, Arthur"
347,"Clark, Badger"
348,"Airy, George Biddell"
349,"De Quincey, Thomas"
350,"Bennett, Arnold"
351,"Long, George"
352,"Overton, William Hassell"
353,"Wren, Percival Christopher"
354,"Wilson, John Dover"
355,"Grant, Ulysses S. (Ulysses Simpson)"
356,"Darwin, Erasmus"
357,"Jacobus, de Cessolis, active 1288-1322"
358,"Hakluyt, Richard"
359,"Kitson, Harry Dexter"
360,"Gardiner, A. G. (Alfred George)"
361,"Rizal, José"
362,"Harris, Thaddeus Mason"
363,"Bury, J. B. (John Bagnell)"
364,"Frey, Hildegard G."
365,"Zola, Émile"
366,"Old Sleuth"
367,"Kossuth, Lajos"
368,"Ellenborough, Edward Law, Earl of"
369,"Bridge, Cyprian, Sir"
370,"Curwood, James Oliver"
371,"Hardy, Thomas"
372,"Belloc, Hilaire"
373,"Mommsen, Theodor"
374,"Dickson, William P. (William Purdie)"
375,"Campbell, Blendon"
376,"Shiel, M. P. (Matthew Phipps)"
377,"Hobson, J. A. (John Atkinson)"
378,"Melville, Herman"
379,"Bullitt, William C. (William Christian)"
380,"Saunders, T. Bailey (Thomas Bailey)"
381,"Abercrombie, Lascelles"
382,"Pindar"
383,"Ostrovsky, Aleksandr Nikolaevich"
384,"Stowe, Harriet Beecher"
385,"Alger, Horatio, Jr."
386,"Chaplin, Ralph"
387,"Newell, Jane H. (Jane Hancox)"
388,"Barrett, Frank"
389,"Walton, O. F., Mrs."
390,"Schopenhauer, Arthur"
391,"McCleary, J. T. (James Thompson)"
392,"Fox, John"
393,"Merrill, Rufus"
394,"Draycott, Gladys M."
395,"Allen, James"
396,"Spafford, Oliver"
397,"Falkner, John Meade"
398,"Phelps, Elizabeth Stuart"
399,"Sheard, Virna"
400,"Rostand, Edmond"
401,"Lomax, E. L. (Edward Lloyd)"
402,"Rushkoff, Douglas"
403,"Mason, A. E. W. (Alfred Edward Woodley)"
404,"Smith, John Stafford"
405,"Bramah, Ernest"
406,"Torrey, Bradford"
407,"Eliot, George"
408,"Adams, St. Clair"
409,"Brayman, James O."
410,"Philp, Robert Kemp"
411,"Barrie, J. M. (James Matthew)"
412,"Wilkes, Charles"
413,"Miller, John Maurice"
414,"Bingham, Hiram"
415,"Willson, Thomas E."
416,"Appleton, Victor"
417,"Le Feuvre, Amy"
418,"Scott, Walter"
419,"Altsheler, Joseph A. (Joseph Alexander)"
420,"Litchfield, Grace Denio"
421,"Sterne, Laurence"
422,"Eastman, Mary H. (Mary Henderson)"
423,"Home, Gordon"
424,"Bolles, John R. (John Rogers)"
425,"Wharton, Philip"
426,"Cobb, Irvin S. (Irvin Shrewsbury)"
427,"Richardson, Samuel"
428,"Swift, Jonathan"
429,"Burton, Robert"
430,"Coleridge, Samuel Taylor"
431,"Haywood, Eliza Fowler"
432,"Daggett, David"
433,"Dunsany, Lord"
434,"Consumers' League of New York City"
435,"University of Oxford. Faculty of Modern History"
436,"Gogol, Nikolai Vasilevich"
437,"Cozzens, Samuel Woodworth"
438,"Christian Brothers"
439,"Boyd, A. S. (Alexander Stuart)"
440,"Olmsted, Everett Ward"
441,"Richardson, James D. (James Daniel)"
442,"Crowquill, Alfred"
443,"Sinclair, May"
444,"Inglis, James"
445,"Bishop, Nathaniel H. (Nathaniel Holmes)"
446,"Thomson, Ninian Hill"
447,"Livy"
448,"Thwaites, William H."
449,"Wilder, Sampson Vryling Stoddard"
450,"Griggs, Edward Howard"
451,"Johnson, James"
452,"First Presbyterian Church (Marion, Ohio). Ladies' Aid Society"
453,"Favenc, Ernest"
454,"Kitson, Arthur"
455,"Yerkes, Robert Mearns"
456,"Wise, Thomas A. (Thomas Alfred)"
457,"Farrar, F. W. (Frederic William)"
458,"Vale, Ferna"
459,"Lamb, Charles"
460,"Webster, Angus Duncan"
461,"Teachers of the School Street Universalist Sunday School. Boston"
462,"Wallace, Alfred Russel"
463,"Griffiths, Charles John"
464,"Cox, James"
465,"Williams, Helen Maria"
466,"Beesly, A. H. (Augustus Henry)"
467,"Leighton, John"
468,"Dwyer, James Francis"
469,"Fellowes, W. D. (William Dorset)"
470,"Archer, William"
471,"Emmerich, Anna Katharina"
472,"Rolland, Romain"
473,"Camp, Wadsworth"
474,"Roth, Lewis"
475,"Burgess, Gelett"
476,"Staley, Edgcumbe"
477,"Riley, Harvey"
478,"Seton, Ernest Thompson"
479,"Benson, E. F. (Edward Frederic)"
480,"Cassius Dio Cocceianus"
481,"Smiles, Samuel"
482,"Whicher, George Frisbie"
483,"Young, Egerton Ryerson"
484,"Haggard, H. Rider (Henry Rider)"
485,"Davies, Ebenezer"
486,"Douglas, O."
487,"Millay, Edna St. Vincent"
488,"Donnell, Annie Hamilton"
489,"Jenness, Theodora R. (Theodora Robinson)"
490,"Standish, Burt L."
491,"Braddon, M. E. (Mary Elizabeth)"
492,"United States. War Department"
493,"Hawks, Francis L. (Francis Lister)"
494,"Hall, Mosiah"
495,"Green, Horace"
496,"Taylor, Bayard"
497,"Sunity Devee, Maharani of Cooch Behar"
498,"Ballantyne, R. M. (Robert Michael)"
499,"Palmer, Frederick"
500,"Lagerlöf, Selma"
501,"Burnham, Margaret"
502,"Power, P. (Patrick)"
503,"Reinach, Salomon"
504,"Dyce, Alexander"
505,"Jacob, P. L."
506,"White, Stewart Edward"
507,"Futrelle, Jacques"
508,"Aytoun, William Edmondstoune"
509,"Hill, Samuel Charles"
510,"Hale, Edward Everett"
511,"Sanday, W. (William)"
512,"Morley, John"
513,"Hughes, Rupert"
514,"Lincoln, Jeanie Gould"
515,"Glyn, Elinor"
516,"Frank, Tenney"
517,"Lambert Chambers, Mrs."
518,"Aitken, Edward Hamilton"
519,"Carrington, Charles"
520,"Kreisler, Fritz"
521,"Woodson, Carter Godwin"
522,"Furse, Katharine"
523,"Schiller, F. C. S. (Ferdinand Canning Scott)"
524,"Ward, John"
525,"De Windt, Harry"
526,"Burt, Katharine Newlin"
527,"Tarkington, Booth"
528,"McCarthy, Justin"
529,"Worster, W. J. Alexander (William John Alexander)"
530,"Wilderspin, Samuel"
531,"Chesnutt, Charles W. (Charles Waddell)"
532,"Moore, Frederick Ferdinand"
533,"Jones, Edgar R. (Edgar Rees), Sir"
534,"Leighton, Robert"
535,"Abbott, Jacob"
536,"Kidder, Daniel P. (Daniel Parish)"
537,"Osborne, David, Mrs. (Fanny)"
538,"Bourne, John, C.E."
539,"Banerjea, S. B."
540,"Carroll, Lewis"
541,"Wetterau, John Moncure"
542,"Burritt, Elihu"
543,"Ruhl, Arthur"
544,"Foster, William Z."
545,"Addison, Joseph"
546,"Aldrich, Mildred"
547,"Johnson, James Weldon"
548,"Smith, Elva Sophronia"
549,"Picton, J. Allanson (James Allanson)"
550,"Williamson, A. M. (Alice Muriel)"
551,"Morse, Samuel Finley Breese"
552,"Morse, Edward Lind"
553,"Davis, Richard Harding"
554,"Housman, Laurence"
555,"Foster, Frances Smith"
556,"Gruelle, Johnny"
557,"Millington, W. H."
558,"Brinton, Daniel G. (Daniel Garrison)"
559,"Stephen, Leslie"
560,"Leighton, Alexander"
561,"Trusta, H."
562,"Pfeiffer, Ida"
563,"Barbour, Ralph Henry"
564,"Cohen, Octavus Roy"
565,"Fénelon, François de Salignac de La Mothe-"
566,"Machen, Arthur"
567,"Cyr, Ellen M."
568,"Wharton, Edith"
569,"Harper, Frances Ellen Watkins"
570,"Cheever, Harriet A. (Harriet Anna)"
571,"Henty, G. A. (George Alfred)"
572,"Allston, Washington"
573,"Allinson, A. R. (Alfred Richard)"
574,"Porterfield, Allen Wilson"
575,"Mill, Mrs. (Jean Oliver)"
576,"Hazlitt, William"
577,"Tooker, Harriet H."
578,"Doctorow, Cory"
579,"Quigley, Dorothy"
580,"Nevinson, Henry Woodd"
581,"Ainsworth, William Harrison"
582,"Stuart, Ruth McEnery"
583,"Whyte-Melville, G. J. (George John)"
584,"Souttar, Henry Sessions"
585,"Ainger, Alfred"
586,"Hartness, James"
587,"Stoddard, John L. (John Lawson)"
588,"Bonte, Willard"
589,"Ramakrishna Pillai, T. (Thottakadu)"
590,"Fenn, George Manville"
591,"Corner, Miss (Julia)"
592,"Stratton-Porter, Gene"
593,"Falckenberg, Richard"
594,"Johnson, Edward A. (Edward Austin)"
595,"Woodworth, Francis C. (Francis Channing)"
596,"Malan, César"
597,"Marchant, Bessie"
598,"Cairns, John"
599,"Knevels, Gertrude"
600,"Schoolcraft, Henry Rowe"
601,"Tuthill, Cornelia L. (Cornelia Louisa)"
602,"Edgeworth, Maria"
603,"Martin, Benj. N. (Benjamin Nicholas)"
604,"Francke, Kuno"
605,"Terry, Jean F. (Jean Finlay)"
606,"Rinehart, Mary Roberts"
607,"Rousseau, Jean-Jacques"
608,"Steward, Austin"
609,"Nye, Bill"
610,"Whitney, A. D. T. (Adeline Dutton Train)"
611,"Tarrant, W. G. (William George)"
612,"Porter, Eleanor H. (Eleanor Hodgman)"
613,"Langford, Nathaniel Pitt"
614,"Houghton, Eliza Poor Donner"
615,"Livermore, Edward"
616,"Ellis, Edward Sylvester"
617,"Hornung, E. W. (Ernest William)"
618,"Gibbs, J. Arthur (Joseph Arthur)"
619,"Webster, Henry Kitchell"
620,"Bannerman, Helen"
621,"Macaulay, Rose"
622,"Maggard, James H."
623,"Chalmers, Margaret Piper"
624,"Sheldon, Lurana"
625,"Kincaid, C. A. (Charles Augustus)"
626,"O'Clery, Michael"
627,"Drinkwater, John"
628,"Baldwin, James"
629,"Betham, Matilda"
630,"Cooke, Marjorie Benton"
631,"Becker, Carl Heinrich"
632,"McGowan, Richard"
633,"Bénézet, Louis Paul"
634,"King, Philip Parker"
635,"Reeks, H. Caulton (Harry Caulton)"
636,"Lauder, Harry, Sir"
637,"Curtis, William Eleroy"
638,"Kelly, Sophia"
639,"Gent, Thomas"
640,"Price, Edith Ballinger"
641,"Fisher, Dorothy Canfield"
642,"Sinclair, Bertrand W."
643,"Poston, Charles D. (Charles Debrille)"
644,"Williams, George Alfred"
645,"Bairnsfather, Bruce"
646,"Pinchot, Gifford"
647,"Defoe, Daniel"
648,"Johnston, William"
649,"Hardley, Robert"
650,"Swedenborg, Emanuel"
651,"Cody, Sherwin"
652,"Sylvester, Charles Herbert"
653,"Johnson, R. Brimley (Reginald Brimley)"
654,"Morrison, Arthur"
655,"Doddridge, Philip"
656,"Parnell, Thomas"
657,"United States. Work Projects Administration"
658,"Fowler, W. Warde (William Warde)"
659,"Dowd, Emma C."
660,"Gregory, William Robert"
661,"Vaknin, Samuel"
662,"Rangelovska, Lidija"
663,"Jung, Nizamat, Sir"
664,"Sheldon, Georgie, Mrs."
665,"Zakrzewska, Marie E. (Marie Elizabeth)"
666,"American Anti-Slavery Society"
667,"Budge, E. A. Wallis (Ernest Alfred Wallis), Sir"
668,"Balzac, Honoré de"
669,"Ade, George"
670,"Holmes, Mary Jane"
671,"Geldart, Thomas, Mrs."
672,"Buffa, John"
673,"Barker, Edward Harrison"
674,"Greiffenhagen, Maurice"
675,"Moore, George Augustus"
676,"Gibson, Charles Dana"
677,"Mitra, Siddha Mohana"
678,"McMaster, John Bach"
679,"Gatty, Alfred, Mrs."
680,"Benson, Stella"
681,"Miller, Alice Duer"
682,"Mair, G. H. (George Herbert)"
683,"Murray, Henry A. (Henry Anthony)"
684,"Colman, Mrs. (Pamela Chandler)"
685,"Wilson, John Mackay"
686,"Lorentz, H. A. (Hendrik Antoon)"
687,"Vernon Jones, V. S. (Vernon Stanley)"
688,"Krishnamurti, J. (Jiddu)"
689,"Cable, Boyd"
690,"Lincoln, Joseph Crosby"
691,"Bernhardi, Friedrich von"
692,"McPherson, J. H. T. (John Hanson Thomas)"
693,"Anderton, Thomas"
694,"Cole, Herbert"
695,"Tilton, George Henry"
696,"Eberhard, Wolfram"
697,"Doubleday, Russell"
698,"Gaskell, Elizabeth Cleghorn"
699,"Oppenheim, James"
700,"Moffett, Cleveland"
701,"Roe, E. T."
702,"Besant, Annie"
703,"Banks, Nancy Huston"
704,"Dana, Richard Henry"
705,"Minor, R. D."
706,"Powell, E. Alexander (Edward Alexander)"
707,"Ferber, Edna"
708,"Yarrow, H. C. (Harry Crécy)"
709,"Biddulph, J. (John)"
710,"O'Brien, Frederick"
711,"Marshall, Edison"
712,"Woodhouse, Frederic W."
713,"Holmes, Edric"
714,"Williams, Albert Rhys"
715,"Pye, Charles"
716,"Mason, Eugene"
717,"Lynde, Francis"
718,"Burr, Agnes Rush"
719,"Henry, Alice"
720,"Church, Ella Rodman"
721,"Brewer, Ebenezer Cobham"
722,"Gould, Hannah Flagg"
723,"Webster, Albert"
724,"Adams, M. H. (Mary Hall)"
725,"Mower, Sarah S."
726,"Xavier, M."
727,"Collins, W. Lucas (William Lucas)"
728,"Carey, William"
729,"Griffiths, Arthur"
730,"Sturge, Joseph"
731,"Fielding, Henry"
732,"Collins, F. B."
733,"Robinson, Albert G. (Albert Gardner)"
734,"Booth-Tucker, Frederick St. George De Lautour"
735,"Ralphson, G. Harvey (George Harvey)"
736,"Collingwood, Stuart Dodgson"
737,"Benezet, Anthony"
738,"Phillips, Ulrich Bonnell"
739,"Bain, F. W. (Francis William)"
740,"United States. Bureau of the Census"
741,"Elton, Oliver"
742,"Beach, Rex"
743,"Bacheller, Irving"
744,"Leacock, Stephen"
745,"Chesterton, G. K. (Gilbert Keith)"
746,"Watson, Henry C. (Henry Clay)"
747,"Potter, Elizabeth Gray"
748,"Thompson, William"
749,"Hole, William"
750,"Shumway, Daniel Bussier"
751,"Wood, Andrew Y."
752,"Steele, Wilbur Daniel"
753,"Bridges, T. C. (Thomas Charles)"
754,"King, Grace Elizabeth"
755,"Graves, J. A. (Jackson Alpheus)"
756,"Morris, William"
757,"Oliver, Stephen"
758,"Fuller, Margaret"
759,"Pardoe, Miss (Julia)"
760,"Allen, James Lane"
761,"Theocritus"
762,"Wilson, Harry Leon"
763,"Priest, William"
764,"Stillman, William James"
765,"Prentiss, George Lewis"
766,"Tarbell, Ida M. (Ida Minerva)"
767,"Squires, Richard C."
768,"Whittle, D. W. (Daniel Webster)"
769,"Coulton, Miss"
770,"Goodrich, Samuel G. (Samuel Griswold)"
771,"Lewis, Sinclair"
772,"Wright, Mabel Osgood"
773,"Galton, Francis"
774,"Bloomfield, Nathaniel"
775,"Sinclair, Upton"
776,"McCutcheon, George Barr"
777,"Graves, Charles L. (Charles Larcom)"
778,"Bennett, John"
779,"Scott, Robert Falcon"
780,"Jackson, George"
781,"Lowndes, Marie Belloc"
782,"Sedgwick, Susan Anne Livingston Ridley"
783,"Pack, Charles Lathrop"
784,"Rohmer, Sax"
785,"Piper, Watty, pseud."
786,"Hough, Emerson"
787,"Hanna, Abigail Stanley"
788,"Gissing, George"
789,"Bell, Lilian"
790,"Phillips, David Graham"
791,"Brown, Goold"
792,"Beers, Henry A. (Henry Augustin)"
793,"Franklin, Miles"
794,"Benson, Robert Hugh"
795,"Gosse, Edmund"
796,"Webster, Thomas"
797,"Huckel, Oliver"
798,"Wallas, Graham"
799,"Papé, Frank Cheyne"
800,"Trollope, Anthony"
801,"Rittenhouse, Jessie Belle"
802,"Comfort, Will Levington"
803,"Park, Julian"
804,"Smith, Mabell S. C. (Mabell Shippie Clarke)"
805,"Peabody, Josephine Preston"
806,"Russell, George William Erskine"
807,"Hecker, Eugene A. (Eugene Arthur)"
808,"Blasco Ibáñez, Vicente"
809,"Schurman, Jacob Gould"
810,"Burke, Kathleen"
811,"Duncan, Sara Jeannette"
812,"Cooke, George Willis"
813,"Gibbs, Philip"
814,"Lillibridge, Will"
815,"Sienkiewicz, Henryk"
816,"Dakyns, Henry Graham"
817,"Goodloe, Abbe Carter"
818,"Murray, James Augustus Henry, Sir"
819,"Jordan, Charlotte Brewster"
820,"Kent, Charles Foster"
821,"Ford, Henry Jones"
822,"Wyss, Johann David"
823,"Xenophon"
824,"Hall, Tom"
825,"Wright, Harold Bell"
826,"Forbes, Nevill"
827,"Robins, Edward"
828,"Williams, Blanche Colton"
829,"Monteith, James"
830,"Ferrall, S. A. (Simon Ansley)"
831,"Lincoln, Abraham"
832,"Hutchins, Cortelle"
833,"Kelly, Maire Monica"
834,"Dandin, active 7th century"
835,"Wann, Harry Vincent"
836,"Gregory, Lady"
837,"Fagg, John Gerardus"
838,"Bianco, Margery Williams"
839,"Darling, Esther Birdsall"
840,"Bangs, John Kendrick"
841,"Church, R. W. (Richard William)"
842,"Savigny, Jean Baptiste Henri"
843,"Withers, Hartley"
844,"Kapor, Mitchell"
845,"Library of Congress. Copyright Office"
846,"Draper, John William"
847,"Haworth, Paul Leland"
848,"Meynell, Alice"
849,"Sewell, Anna"
850,"Whipple, Wayne"
851,"Disraeli, Benjamin, Earl of Beaconsfield"
852,"Swinburne, T. R."
853,"Jefferies, Richard"
854,"Dobie, Charles Caldwell"
855,"Cox, Palmer"
856,"Colum, Padraic"
857,"Burt, Emily Rose"
858,"Marriage, Ellen"
859,"Webster, Frank V."
860,"Pink, Alfred"
861,"Ganguli, Kisari Mohan"
862,"Angell, Norman"
863,"Fuertes, Louis Agassiz"
864,"Bühler, Georg"
865,"Burslem, Rollo Gillespie"
866,"Bragdon, Claude Fayette"
867,"Street, G. S. (George Slythe)"
868,"Benson, Arthur Christopher"
869,"Richmond, Grace S. (Grace Smith)"
870,"Burgess, Thornton W. (Thornton Waldo)"
871,"Lawless, Emily"
872,"Clark, Walter Appleton"
873,"Bill, Ledyard"
874,"Lyth, J. (John)"
875,"Archer, W. G. (William George)"
876,"Rush, Richard"
877,"Naylor, H. R."
878,"Earle, Augustus"
879,"Finck, Henry T."
880,"Spurgeon, Caroline F. E. (Caroline Frances Eleanor)"
881,"Herr, Charlotte B. (Charlotte Bronte)"
882,"Mackey, Albert Gallatin"
883,"Bompas, Cecil Henry"
884,"Jordan, David Starr"
885,"Rougemont, Louis de"
886,"Dircks, Sara Hay Goddard"
887,"Le Sage, Alain René"
888,"Reynolds, Francis J. (Francis Joseph)"
889,"University of Pennsylvania. Seybert Commission for Investigating Modern Spiritualism"
890,"Neuville, Alphonse Marie de"
891,"Black, Robert"
892,"Guizot, François"
893,"Southall, William"
894,"Bell, Clara"
895,"Rhodes, Eugene Manlove"
896,"Beers, Clifford Whittingham"
897,"Royden, A. Maude (Agnes Maude)"
898,"O'Brien, Seumas"
899,"Brame, Charlotte M."
900,"Wallace, W. Stewart (William Stewart)"
901,"Cowper, William"
902,"Boldrewood, Rolf"
903,"Graham, Stephen"
904,"Stanton, Elizabeth Cady"
905,"James, William"
906,"Bianchi, Martha Dickinson"
907,"Carter, Nicholas (House name)"
908,"Stevens, Bertram"
909,"Head, Franklin H. (Franklin Harvey)"
910,"Dodge, Mary Mapes"
911,"Gifford, John"
912,"Biggs, Charlotte"
913,"Stables, Gordon"
914,"Furman, Lucy S."
915,"Kennedy, Charles Rann"
916,"Doré, Gustave"
917,"Grote, George"
918,"Havell, E. B. (Ernest Binfield)"
919,"Nichols, H. P."
920,"Spooner, Lysander"
921,"Williams, Cora Lenore"
922,"Kimball, Alonzo"
923,"Mühlbach, L. (Luise)"
924,"Wilcox, Ella Wheeler"
925,"Sanborn, Kate"
926,"Dowsett, C. F. (Charles Finch)"
927,"Payn, James"
928,"Elliott, George Roy"
929,"Freeman, John"
930,"Darrow, Clarence"
931,"Conway, Moncure Daniel"
932,"Steele, Richard, Sir"
933,"De la Mare, Walter"
934,"Russell, Ruth"
935,"Cohen, Reuben"
936,"Fowler, Thomas"
937,"Richardson, Benjamin Ward"
938,"Moses, Montrose Jonas"
939,"Glover, Arnold"
940,"Beaumont, Francis"
941,"Gillespie, W. A., Mrs."
942,"Byrum, Isabel C. (Isabel Coston)"
943,"Birney, Catherine H."
944,"Waters, Clara Erskine Clement"
945,"Jameson, Mrs. (Anna)"
946,"Pike, H. Lee M. (Henry Lee Mitchell)"
947,"Wilson, Jennie L. (Jennie Lansley)"
948,"Swisshelm, Jane Grey Cannon"
949,"Newman, Francis William"
950,"Weber-Ditzler, Charlotte"
951,"Humboldt, Wilhelm von"
952,"Van Doren, Alice B. (Alice Boucher)"
953,"Roberts, Emma"
954,"Knox, Thomas Wallace"
955,"Tilden, Joe"
956,"Ryan, Agnes E."
957,"Walpole, Horace"
958,"Tyndale, William"
959,"Worcester, Dean C. (Dean Conant)"
960,"Johnston, Charles"
961,"Bolton, Sarah Knowles"
962,"Garrison, Adele"
963,"Soulié de Morant, G. (Georges)"
964,"Hubbard, Marietta"
965,"Kipling, Rudyard"
966,"Prescott, William Hickling"
967,"Stewart, Jane L."
968,"Keller, Helen"
969,"Yonge, Charlotte M. (Charlotte Mary)"
970,"Nitobe, Inazo"
971,"Woman's Press Club of New York City"
972,"Hearn, Lafcadio"
973,"Howells, William Dean"
974,"Brawley, Benjamin Griffith"
975,"Potter, Beatrix"
976,"Lorimer, George Horace"
977,"Caldecott, Randolph"
978,"Herrick, Robert"
979,"Lennox, P. J. (Patrick Joseph)"
980,"Goldfrap, John Henry"
981,"Stokes, John Lort"
982,"Hoffmann, Heinrich"
983,"Labat, maître d'armes"
984,"Willoughby, Westel Woodbury"
985,"Hugo, Victor"
986,"Moulton, Richard G. (Richard Green)"
987,"Fischer, Anton Otto"
988,"Cato, Marcus Porcius"
989,"Traill, H. D. (Henry Duff)"
990,"Royová, Kristína"
991,"Brock, H. M. (Henry Matthew)"
992,"Davis, Stanley"
993,"Babbage, Charles"
994,"Williams, William Klapp"
995,"Dryden, John"
996,"Kalidasa"
997,"Relyea, C. M. (Charles M.)"
998,"Morley, Edith J. (Edith Julia)"
999,"Stretton, Hesba"
1000,"Calderón de la Barca, Pedro"
1001,"Johnston, Annie F. (Annie Fellows)"
1002,"Peattie, Elia Wilkinson"
1003,"Quick, Herbert"
1004,"Packard, Frank L. (Frank Lucius)"
1005,"Ward, Humphry, Mrs."
1006,"Kinzie, John H., Mrs."
1007,"Huard, Frances Wilson"
1008,"Miles, Anna Marie"
1009,"Meredith, George"
1010,"Knibbs, Henry Herbert"
1011,"Crockett, S. R. (Samuel Rutherford)"
1012,"Rowe, Clarence H. (Clarence Herbert)"
1013,"Foss, James Henry"
1014,"Ralston, William Ralston Shedden"
1015,"Phillips, Henry Wallace"
1016,"Catherwood, Mary Hartwell"
1017,"Delsarte, François"
1018,"Coulter, John Merle"
1019,"Ellms, Charles"
1020,"Fetter, Frank A. (Frank Albert)"
1021,"Greg, W. W. (Walter Wilson)"
1022,"Noyes, Alfred"
1023,"Jerome, Jerome K. (Jerome Klapka)"
1024,"Dorr, Rheta Childe"
1025,"Long, C. C."
1026,"Benson, B. K. (Blackwood Ketcham)"
1027,"Wolseley, Garnet Wolseley, Viscount"
1028,"Stimson, Frederic Jesup"
1029,"Manly, William Lewis"
1030,"Kellogg, E. E. (Ella Ervilla)"
1031,"Mims, Edwin"
1032,"Little, Frances"
1033,"Todd, Mabel Loomis"
1034,"Dickinson, Emily"
1035,"Bouton, John Bell"
1036,"Birrell, Augustine"
1037,"Riddle, A. G. (Albert Gallatin)"
1038,"Tyndall, John"
1039,"D. D. Cottrell's Subscription Agency"
1040,"Reisner, George Andrew"
1041,"Litchfield, Frederick"
1042,"Payne, Dutton"
1043,"Kyne, Peter B. (Peter Bernard)"
1044,"Frazer, James George"
1045,"England, George Allan"
1046,"Bell, J. J. (John Joy)"
1047,"Atherton, Gertrude Franklin Horn"
1048,"Darwin, Charles"
1049,"Brumbaugh, Martin Grove"
1050,"Adams, Andy"
1051,"Newton, Richard Heber"
1052,"Björkman, Edwin"
1053,"Wade, G. W. (George Woosung)"
1054,"Richardson, David Lester"
1055,"Taylor, John M. (John Metcalf)"
1056,"Lanier, Sidney"
1057,"Gladden, Washington"
1058,"Andrews, Roy Chapman"
1059,"Record, Samuel J. (Samuel James)"
1060,"Wormeley, Katharine Prescott"
1061,"Ford, Paul Leicester"
1062,"Broughton, Rhoda"
1063,"Ingelow, Jean"
1064,"Cook, Herbert Frederick"
1065,"Hall, Thornton"
1066,"Brown, John"
1067,"Andersen, H. C. (Hans Christian)"
1068,"Boyer, Ralph L. (Ralph Ludwig)"
1069,"Sherwood, Mrs. (Mary Martha)"
1070,"Marriott, W. K. (William Kenaz)"
1071,"Nearing, Scott"
1072,"Ware, Sedley Lynch"
1073,"Terry, Ellen"
1074,"Montefiore, Judith Cohen, Lady"
1075,"Kennan, George"
1076,"Woodberry, George Edward"
1077,"Crile, George Washington"
1078,"Beston, Henry"
1079,"Lowell, Orson"
1080,"De Forest, John William"
1081,"Harte, Bret"
1082,"Conant, James Bryant"
1083,"Huysmans, J.-K. (Joris-Karl)"
1084,"Nuttall, P. Austin"
1085,"Rid, Samuel"
1086,"Bredon, Juliet"
1087,"Lawson, Thomas William"
1088,"Stoddard, Elizabeth"
1089,"Harris, Miriam Coles"
1090,"Walpole, Hugh"
1091,"Gautier, Théophile"
1092,"Greenbaum, Florence Kreisler"
1093,"Lang, Andrew"
1094,"Iyenaga, T. (Toyokichi)"
1095,"Society for Pure English"
1096,"Brooks, Noah"
1097,"Aguilar, Grace"
1098,"Salisbury, William"
1099,"Smith, Uriah"
1100,"Richards, Ellen H. (Ellen Henrietta)"
1101,"Gorostiza, Manuel Eduardo  de"
1102,"Mabie, Hamilton Wright"
1103,"Mir Amman Dihlavi, active 1801-1806"
1104,"Warren, Samuel"
1105,"Towers, Walter Kellogg"
1106,"Miller, W. G. (Wesson Gage)"
1107,"Verbeek, Gustave"
1108,"Thomson, James"
1109,"Eddy, Arthur Jerome"
1110,"Reformed Presbytery of North America"
1111,"Elliot, Frances Minto Dickinson"
1112,"Schoonover, Frank E."
1113,"Carman, Bliss"
1114,"Smith, Logan Pearsall"
1115,"Synge, J. M. (John Millington)"
1116,"Headlam, James Wycliffe"
1117,"Johnston, George"
1118,"Castlemon, Harry"
1119,"Bryant, Walter W. (Walter William)"
1120,"Halstead, Murat"
1121,"Polo, Marco"
1122,"Reeves, William Pember"
1123,"Lampman, Archibald"
1124,"Barbusse, Henri"
1125,"Hutchinson, William E."
1126,"Slosson, Annie Trumbull"
1127,"Curtin, D. Thomas (Daniel Thomas)"
1128,"Buehler, Huber Gray"
1129,"Kemble, Fanny"
1130,"Channing, Edward"
1131,"A-No. 1"
1132,"Anghiera, Pietro Martire d'"
1133,"Routledge, George"
1134,"Campbell, Robert Granville"
1135,"Hosmer, James Kendall"
1136,"Calthrop, S. R. (Samuel Robert)"
1137,"Foster, Hannah Webster"
1138,"MacGillivray, John"
1139,"Nightingale, Florence"
1140,"Edwards, Amelia Ann Blanford"
1141,"Kilgour, Peter"
1142,"Wilson, H. W. (Halsey William)"
1143,"Woolf, Virginia"
1144,"Wood, Benjamin"
1145,"Warfield, Catherine A. (Catherine Ann)"
1146,"Guerber, H. A. (Hélène Adeline)"
1147,"Chaytor, H. J. (Henry John)"
1148,"Pushkin, Aleksandr Sergeevich"
1149,"Aiken, Conrad"
1150,"Reade, Charles"
1151,"Trollope, Thomas Adolphus"
1152,"Wells, B. W. (Benjamin Willis)"
1153,"Beethoven, Ludwig van"
1154,"Bierce, Ambrose"
1155,"Harraden, Beatrice"
1156,"Strachey, Lytton"
1157,"Wetmore, Helen Cody"
1158,"Atkinson, William Walker"
1159,"Riis, Jacob A. (Jacob August)"
1160,"Ramsay, Edward Bannerman"
1161,"Apess, William"
1162,"Rand, Ayn"
1163,"Sorley, W. R. (William Ritchie)"
1164,"Chekhov, Anton Pavlovich"
1165,"Marivaux, Pierre Carlet de Chamblain de"
1166,"Rees, Arthur J. (Arthur John)"
1167,"Malory, Thomas, Sir"
1168,"Borrow, George"
1169,"Morrison, John Arch"
1170,"Dewey, Melvil"
1171,"Duckitt, Mabel"
1172,"Knower, Daniel"
1173,"Randolph, Mary"
1174,"Malet, Lucas"
1175,"Turner, Matthew"
1176,"Munro, William Bennett"
1177,"Bridges, Robert"
1178,"Fletcher, Archibald Lee"
1179,"Paris, John"
1180,"Holman, James"
1181,"Gordon, S. D. (Samuel Dickey)"
1182,"Turner, Dawson"
1183,"Corry, Joseph"
1184,"Thomas, Gladys"
1185,"Thayer, William Roscoe"
1186,"Abel, Annie Heloise"
1187,"Parry, Edward Abbott, Sir"
1188,"Cole, Fay-Cooper"
1189,"Fontenoy, marquise de"
1190,"Cuyler, Theodore L. (Theodore Ledyard)"
1191,"Christy, Howard Chandler"
1192,"Wood, Stanley L."
1193,"Marryat, Frederick"
1194,"Crane, Laura Dent"
1195,"Stellman, Louis J. (Louis John)"
1196,"Van Doren, Carl"
1197,"Fitzgerald, O. P. (Oscar Penn)"
1198,"Collins, David"
1199,"Mair, Charles"
1200,"Dumas, Alexandre"
1201,"Auerbach, Berthold"
1202,"Kean, Charles John"
1203,"Kennedy, James Boyd"
1204,"Clark, Charles Heber"
1205,"Edmonds, Cyrus R."
1206,"Ray, Anna Chapin"
1207,"Chafer, Lewis Sperry"
1208,"Martinengo-Cesaresco, Evelyn Lilian Hazeldine Carrington, contessa"
1209,"Marot, Helen"
1210,"Oemler, Marie Conway"
1211,"Townsend, F. H. (Frederick Henry)"
1212,"Lynd, Robert"
1213,"Macleod, Norman"
1214,"Whipple, Edwin Percy"
1215,"Hobart, George V. (George Vere)"
1216,"Carr, Annie Roe"
1217,"Knight, William Allen"
1218,"Berry, R. L. (Robert Lee)"
1219,"Massey, Montague"
1220,"MacCarthy, Denis Florence"
1221,"Barry, J. G. H. (Joseph Gayle Hurd)"
1222,"Phillips, Claude, Sir"
1223,"Johnson, William Savage"
1224,"Sapir, Edward"
1225,"Andrews, Jane"
1226,"Fields, James Thomas"
1227,"Anderson, Rasmus Björn"
1228,"Blair, Emma Helen"
1229,"Stephenson, Andrew"
1230,"Kenyon, Camilla"
1231,"Roughead, William"
1232,"Ruskin, John"
1233,"Cammaerts, Emile"
1234,"Newcomb, Arthur"
1235,"Streatfeild, R. A. (Richard Alexander)"
1236,"Lodge, Henry Cabot"
1237,"Windsor, H. H. (Henry Haven)"
1238,"Reed, Myrtle"
1239,"Bourinot, John George"
1240,"Pansy"
1241,"Huish, Robert"
1242,"Sanford, Arthur Benton"
1243,"Beavan, F. (Frederick), Mrs."
1244,"Yohn, F. C. (Frederick Coffay)"
1245,"Janes, Don Carlos"
1246,"Zangwill, Israel"
1247,"Von Arnim, Elizabeth"
1248,"Anderson, Nephi"
1249,"Johnson, Owen"
1250,"Field, Eugene"
1251,"Jerome, Chauncey"
1252,"Aristotle"
1253,"Bonnell, Jerry T."
1254,"Mencken, H. L. (Henry Louis)"
1255,"Holmes, Oliver Wendell"
1256,"Redgrove, H. Stanley (Herbert Stanley)"
1257,"Lefebure, Victor"
1258,"Lyall, Edna"
1259,"Maupassant, Guy de"
1260,"Burton, Richard"
1261,"Masefield, John"
1262,"Wyeth, N. C. (Newell Convers)"
1263,"Bryan, William Jennings"
1264,"Scott, Temple"
1265,"Eiríkr Magnússon"
1266,"Renan, Ernest"
1267,"Knowles, James, Sir"
1268,"Apuleius"
1269,"Martin, Edward A. (Edward Alfred)"
1270,"Rae, Janet Milne"
1271,"Norsworthy, Naomi"
1272,"Magoffin, Ralph Van Deman"
1273,"Parton, James"
1274,"Smith, Goldwin"
1275,"Gurdon, P. R. T. (Philip Richard Thornhagh)"
1276,"Talbot, Henry Paul"
1277,"Warner, George H."
1278,"Burns, Robert"
1279,"Fulton, Justin D. (Justin Dewey)"
1280,"Jones, Erasmus W."
1281,"Becke, Louis"
1282,"Masters, Edgar Lee"
1283,"Morse, John Torrey"
1284,"Peacock, Thomas Love"
1285,"James, George Wharton"
1286,"Cole, Mabel Cook"
1287,"Simmons, Amelia"
1288,"Ives, George Burnham"
1289,"Dowden, Edward"
1290,"Andrew, Elizabeth Wheeler"
1291,"Mackie, John"
1292,"Andrews, Mary Raymond Shipman"
1293,"Du Maurier, George"
1294,"Theiss, Lewis E. (Lewis Edwin)"
1295,"Emerson, Ralph Waldo"
1296,"Garrick, David"
1297,"Flint, Timothy"
1298,"Whistler, Charles W. (Charles Watts)"
1299,"Butler, Ellis Parker"
1300,"Tyson, Edward"
1301,"De Blumenthal, Kalamatiano"
1302,"Baden-Powell, B. H. (Baden Henry)"
1303,"Sullivan, A.M. (Alexander Martin)"
1304,"Murray, Andrew"
1305,"Myer, Edmund J. (Edmund John)"
1306,"Underwood, Clarence F."
1307,"Hutton, James"
1308,"Holdsworth, A. H. (Arthur Howe)"
1309,"Hall, Benjamin Homer"
1310,"Rutherford, J. F. (Joseph Franklin)"
1311,"Goethe, Johann Wolfgang von"
1312,"Stephens, James"
1313,"Cameron, Agnes Deans"
1314,"Tucker, T. G. (Thomas George)"
1315,"Roe, Edward Payson"
1316,"Duffield, J. W."
1317,"Firth, Abraham"
1318,"Grahame, Kenneth"
1319,"Carey, Joseph"
1320,"Creel, George"
1321,"Spalding, Thomas Alfred"
1322,"Mead, G. R. S. (George Robert Stow)"
1323,"Drannan, William F."
1324,"Sale, George"
1325,"Calvert, George Henry"
1326,"Leadbeater, C. W. (Charles Webster)"
1327,"Goepp, Philip H. (Philip Henry)"
1328,"Jammes, Francis"
1329,"Conybeare, John William Edward"
1330,"Murdock, Charles A. (Charles Albert)"
1331,"Bain, Alexander"
1332,"Powys, John Cowper"
1333,"Webster, John"
1334,"Procopius"
1335,"Inostrantzev, Konstantin Aleksandrovich"
1336,"Stoddard, Francis Hovey"
1337,"MacIlwaine, Herbert C."
1338,"Mitchell, T. L. (Thomas Livingstone)"
1339,"Flinders, Matthew"
1340,"Fountainhall, John Lauder, Lord"
1341,"Daviess, Maria Thompson"
1342,"Linnankoski, Johannes"
1343,"Driscoll, James R."
1344,"Ferguson, Donald"
1345,"Grant, Horatio N."
1346,"Burleigh, Cyril"
1347,"Shaler, Robert"
1348,"Hunter, C. L."
1349,"Arner, George B. Louis (George Byron Louis)"
1350,"Dasgupta, Surendranath"
1351,"Bates, Gordon"
1352,"Sullivan, T. D. (Timothy Daniel)"
1353,"Warner, Susan"
1354,"Marguerite, Queen, consort of Henry IV, King of France"
1355,"Sanford, Albert Hart"
1356,"Davis, James J. (James John)"
1357,"Willcox, Cornélis De Witt"
1358,"Bosher, Kate Langley"
1359,"Butler, Pardee"
1360,"Kellogg, Alice Maude"
1361,"Sayce, A. H. (Archibald Henry)"
1362,"Vincent, W. T. (William Thomas)"
1363,"Wister, Owen"
1364,"Patchin, Frank Gee"
1365,"Smythe, James P."
1366,"Thompson, Slason"
1367,"Thomas, Augustus"
1368,"Smith, F. Berkeley (Frank Berkeley)"
1369,"Jeffery, Walter"
1370,"Aguinaldo, Emilio"
1371,"Swan, Annie S."
1372,"Aristophanes"
1373,"Vizetelly, Henry"
1374,"Bryant, Edwin"
1375,"Wallcousins, E."
1376,"Boker, George H. (George Henry)"
1377,"Faraday, L. Winifred"
1378,"Mortimer, Favell Lee"
1379,"Foot, Daniel, active 1693"
1380,"Redesdale, Algernon Bertram Freeman-Mitford, Baron"
1381,"Cross, Victoria"
1382,"Kenyon, Frederic G. (Frederic George), Sir"
1383,"Starkweather, C. C."
1384,"Blades, William"
1385,"Squareman, Clarence"
1386,"Warner, Charles Dudley"
1387,"Caine, Hall, Sir"
1388,"Ludwig, Otto"
1389,"Fletcher, Alice C. (Alice Cunningham)"
1390,"Clouston, W. A. (William Alexander)"
1391,"Weston, George"
1392,"Chatterton, Thomas"
1393,"Irving, Washington"
1394,"Shaw, Stanley"
1395,"Blessington, Marguerite, Countess of"
1396,"Shortall, Katherine"
1397,"Pearson, Francis B. (Francis Bail)"
1398,"Walter, Eugene"
1399,"Silver, J. M. W. (Jacob Mortimer Wier)"
1400,"Holland, J. G. (Josiah Gilbert)"
1401,"Leblanc, Maurice"
1402,"Beerbohm, Max, Sir"
1403,"Sadi"
1404,"Gordon, Thomas Edward, Sir"
1405,"Wallace, Grace, Lady"
1406,"Aberigh-Mackay, George"
1407,"Hoben, Allan"
1408,"Berthelot de la Boileverie, Lily Kendall Beers"
1409,"Hains, T. Jenkins (Thornton Jenkins)"
1410,"Kruckvich, Francis"
1411,"Collingwood, W. G. (William Gershom)"
1412,"Jones, J. B. (John Beauchamp)"
1413,"Abu al-Ala al-Maarri"
1414,"Wisa, Louis"
1415,"Chapman, John Jay"
1416,"Gardiner, J. H. (John Hays)"
1417,"Moore, George"
1418,"Loewenstein, Joseph E."
1419,"Hayward, Arthur Lawrence"
1420,"Bunyan, John"
1421,"Rigg, J. M. (James Macmullen)"
1422,"Talmage, T. De Witt (Thomas De Witt)"
1423,"Clarke, James Freeman"
1424,"Thompson, Holland"
1425,"Linton, E. Lynn (Elizabeth Lynn)"
1426,"Mott, F. W. (Frederick Walker)"
1427,"Sullivan, D. B. (Denis Baylor)"
1428,"Mather, Frank Jewett"
1429,"Tylor, Edward B. (Edward Burnett)"
1430,"Hume, Allan Octavian"
1431,"Tietjens, Eunice"
1432,"Hurll, Estelle M. (Estelle May)"
1433,"Bourne, Edward Gaylord"
1434,"Dickert, D. Augustus"
1435,"Bernard, Marguerite"
1436,"Meer Hasan Ali, Mrs."
1437,"Landor, Arnold Henry Savage"
1438,"MacSwiney, Terence J. (Terence Joseph)"
1439,"Campion, Edmund, Saint"
1440,"Bush, David V. (David Van)"
1441,"Raizizun, Yacki"
1442,"O'Brien, Edward Joseph Harrington"
1443,"Walton, Izaak"
1444,"Rogers, L. W. (Louis William)"
1445,"Power, Eileen"
1446,"Seltzer, Thomas"
1447,"Arnold, Thomas"
1448,"Phillips, Mary Elizabeth"
1449,"Hocking, Joseph"
1450,"Bayley, Abner"
1451,"Long, H. W. (Harland William)"
1452,"Semmes, Raphael"
1453,"Watts, Isaac"
1454,"Gale, Norman"
1455,"Dimock, A. W. (Anthony Weston)"
1456,"Paterson, A. B. (Andrew Barton)"
1457,"Hume, John F. (John Ferguson)"
1458,"Hill, Janet McKenzie"
1459,"Watson, William"
1460,"Reynolds, John N. (John Newton)"
1461,"Frederick, Edmund"
1462,"Rolt-Wheeler, Francis"
1463,"Raleigh, Walter"
1464,"Everett-Green, Evelyn"
1465,"Stevenson, O. J."
1466,"Flemming, Louis A. (Louis Andrew)"
1467,"Scott, Walter Dill"
1468,"Girardin, Emile de, Mme"
1469,"Croft, Delmer Eugene"
1470,"Mitchell, S. Weir (Silas Weir)"
1471,"Sunzi, active 6th century B.C."
1472,"Watkins, Samuel R. (Samuel Rush)"
1473,"Slater, J. Atwood"
1474,"Shedd, William G. T. (William Greenough Thayer)"
1475,"Geddes, Patrick, Sir"
1476,"Wishart, Alfred Wesley"
1477,"Ferrero, Guglielmo"
1478,"Jewett, Sophie"
1479,"Hitchcock, Lucius Wolcott"
1480,"Crake, A. D. (Augustine David)"
1481,"Whitman, Walt"
1482,"Remy, Jules"
1483,"Abbott, Frank Frost"
1484,"Rhees, Rush"
1485,"Smith, F. G. (Frederick George)"
1486,"Sexton, Ella M. (Ella May)"
1487,"Childers, Erskine"
1488,"Horn, Henry J."
1489,"Savory, Arthur Herbert"
1490,"Ransome, Arthur"
1491,"Cousin, John W. (John William)"
1492,"Burnand, F. C. (Francis Cowley)"
1493,"Wells, J. (Joseph)"
1494,"McKinlay, John"
1495,"Hornaday, William T. (William Temple)"
1496,"Addams, Jane"
1497,"Hastings, Milo"
1498,"De Mille, James"
1499,"Forman, Justus Miles"
1500,"Blaikie, William Garden"
1501,"Louisiana Purchase Exposition Commission"
1502,"Ainsworth, Percy C. (Percy Clough)"
1503,"Dutt, Toru"
1504,"Sidney, Samuel"
1505,"Köchel, Ludwig Ritter von"
1506,"Grant, Ethel Watts Mumford"
1507,"Mason, John"
1508,"Morris, Clara"
1509,"Bone, Gertrude"
1510,"Holmes, Robert Derby"
1511,"Sangster, Margaret E. (Margaret Elizabeth)"
1512,"Masham, Damaris, Lady"
1513,"Neil, Marion Harris"
1514,"Gratacap, L. P. (Louis Pope)"
1515,"Brower, Harriette"
1516,"Orr, Charles Ebert"
1517,"Smith, Mary Stuart Harrison"
1518,"Huneker, James"
1519,"Frederic, Harold"
1520,"Mukerji, A. P., swámi"
1521,"Velimirović, Nikolaj"
1522,"Hills, Nora Kathleen"
1523,"Kelland, Clarence Budington"
1524,"Oliver, Charles A. (Charles Alexander)"
1525,"Lowell, James Russell"
1526,"Brebner, Percy James"
1527,"Clutton-Brock, A. (Arthur)"
1528,"Gunning, Mrs. (Susannah)"
1529,"Stewart, H. F. (Hugh Fraser)"
1530,"Belasco, David"
1531,"Stoddard, Charles Warren"
1532,"Barnard, William Francis"
1533,"Crowley, Mary Catherine"
1534,"Tennent, James Emerson, Sir"
1535,"Hovey, Richard"
1536,"Corlette, Hubert C. (Hubert Christian)"
1537,"Benson, Luther"
1538,"Senior, Nassau William"
1539,"Glover, T. R. (Terrot Reaveley)"
1540,"Hallock, Ruth Mary"
1541,"Anderson, Ada Woodruff"
1542,"McCarter, Margaret Hill"
1543,"Cooke, Arthur O. (Arthur Owens)"
1544,"Bourne, H. R. Fox (Henry Richard Fox)"
1545,"Smith, George Adam"
1546,"Cady, Harrison"
1547,"Stockton, Marian E. (Marian Edwards)"
1548,"Thompson, Francis"
1549,"Allen, Roland"
1550,"Ditchfield, P. H. (Peter Hampson)"
1551,"Arnold, Matthew"
1552,"Runciman, James"
1553,"McKenzie, Fred A. (Fred Arthur)"
1554,"Waterlow, Sydney"
1555,"Price, George McCready"
1556,"Reilly, S. A."
1557,"Bernard, Richard Boyle"
1558,"Finley, Martha"
1559,"Wilde, Oscar"
1560,"Hudson, Henry Norman"
1561,"Fee, Mary H. (Mary Helen)"
1562,"Bell, Clive"
1563,"Van Schaick, George"
1564,"Shaw, Robert B."
1565,"Smith, William Hawley"
1566,"Wollstonecraft, Mary"
1567,"White, Andrew Dickson"
1568,"Howard, Clare"
1569,"Spence, Edward Fordham"
1570,"Cardozo, Benjamin N. (Benjamin Nathan)"
1571,"Garnett, Constance"
1572,"Dingle, Edwin John"
1573,"Grisewood, R. Norman (Robert Norman)"
1574,"Bostwick, Arthur E. (Arthur Elmore)"
1575,"Shepherd, Richard Herne"
1576,"Loftie, W. J. (William John)"
1577,"Milne, A. A. (Alan Alexander)"
1578,"Janvier, Thomas A. (Thomas Allibone)"
1579,"Jefferis, B. G. (Benjamin Grant)"
1580,"Stokes, Katherine"
1581,"Hatherell, William"
1582,"Watts-Dunton, Theodore"
1583,"Begbie, Harold"
1584,"Ouida"
1585,"Marx, Karl"
1586,"Dods, Marcus"
1587,"Craik, Dinah Maria Mulock"
1588,"Cohen, Ralph"
1589,"Washburne, Marion Foster"
