2155,See,"{""type"":""Point"",""coordinates"":[10.46667,47.08333]}"
131471,Macedonia,"{""type"":""Point"",""coordinates"":[-81.50845,41.31367]}"
135030,Paul,"{""type"":""Point"",""coordinates"":[-113.78335,42.60796]}"
62952,Pilate,"{""type"":""Point"",""coordinates"":[-72.55,19.66667]}"
5612,As,"{""type"":""Point"",""coordinates"":[5.58453,51.00755]}"
93270,As,"{""type"":""Point"",""coordinates"":[10.2,63.96667]}"
124189,King,"{""type"":""Point"",""coordinates"":[-80.35922,36.28069]}"
132858,King,"{""type"":""Point"",""coordinates"":[-89.14178,44.33748]}"
39812,Give,"{""type"":""Point"",""coordinates"":[9.24998,55.83977]}"
72737,Jerusalem,"{""type"":""Point"",""coordinates"":[35.21633,31.76904]}"
4560,Alexandria,"{""type"":""Point"",""coordinates"":[151.20037,-33.90219]}"
5771,Roman,"{""type"":""Point"",""coordinates"":[23.91667,43.15]}"
6759,Alexandria,"{""type"":""Point"",""coordinates"":[-38.01583,-6.4125]}"
27734,Most,"{""type"":""Point"",""coordinates"":[13.63617,50.50301]}"
35741,Gutenberg,"{""type"":""Point"",""coordinates"":[11.97181,51.5471]}"
35742,Gutenberg,"{""type"":""Point"",""coordinates"":[7.8,49.88333]}"
40680,Alexandria,"{""type"":""Point"",""coordinates"":[29.95527,31.21564]}"
57774,Over,"{""type"":""Point"",""coordinates"":[-2.55,53.18333]}"
59986,Alexandria,"{""type"":""Point"",""coordinates"":[-4.5864,55.99379]}"
61219,Athens,"{""type"":""Point"",""coordinates"":[23.71622,37.97945]}"
76109,Along,"{""type"":""Point"",""coordinates"":[94.8006,28.16951]}"
84892,Alexandria,"{""type"":""Point"",""coordinates"":[-77.35335,18.30768]}"
103192,Till,"{""type"":""Point"",""coordinates"":[35.21293,32.20068]}"
105361,Roman,"{""type"":""Point"",""coordinates"":[26.91667,46.91667]}"
108585,Alexandria,"{""type"":""Point"",""coordinates"":[25.33333,43.98333]}"
111576,Emmaus,"{""type"":""Point"",""coordinates"":[36.115,56.78055]}"
121631,Athens,"{""type"":""Point"",""coordinates"":[-83.37794,33.96095]}"
121944,Temple,"{""type"":""Point"",""coordinates"":[-85.03244,33.73705]}"
121999,Athens,"{""type"":""Point"",""coordinates"":[-89.72399,39.96088]}"
122009,Bethany,"{""type"":""Point"",""coordinates"":[-88.73813,39.64559]}"
122515,Solomon,"{""type"":""Point"",""coordinates"":[-97.37114,38.91944]}"
122539,Alexandria,"{""type"":""Point"",""coordinates"":[-84.38799,38.95951]}"
122810,Alexandria,"{""type"":""Point"",""coordinates"":[-92.44514,31.31129]}"
122969,Many,"{""type"":""Point"",""coordinates"":[-93.48406,31.56878]}"
124072,Cornelius,"{""type"":""Point"",""coordinates"":[-80.86007,35.4868]}"
124607,Athens,"{""type"":""Point"",""coordinates"":[-82.10126,39.32924]}"
124874,Bethany,"{""type"":""Point"",""coordinates"":[-97.63226,35.51867]}"
125066,Temple,"{""type"":""Point"",""coordinates"":[-98.23588,34.27203]}"
125472,Athens,"{""type"":""Point"",""coordinates"":[-84.59299,35.44285]}"
125792,Athens,"{""type"":""Point"",""coordinates"":[-95.85552,32.20487]}"
126521,Temple,"{""type"":""Point"",""coordinates"":[-97.34278,31.09823]}"
126614,Alexandria,"{""type"":""Point"",""coordinates"":[-77.04692,38.80484]}"
126971,Athens,"{""type"":""Point"",""coordinates"":[-81.0162,37.42234]}"
127145,Alexandria,"{""type"":""Point"",""coordinates"":[-85.88552,33.77399]}"
127152,Athens,"{""type"":""Point"",""coordinates"":[-86.97167,34.80287]}"
127686,Cicero,"{""type"":""Point"",""coordinates"":[-87.75394,41.84559]}"
128120,Alexandria,"{""type"":""Point"",""coordinates"":[-85.67581,40.26282]}"
128143,Cicero,"{""type"":""Point"",""coordinates"":[-86.01332,40.12393]}"
128930,Athens,"{""type"":""Point"",""coordinates"":[-85.23471,42.08866]}"
129093,Hart,"{""type"":""Point"",""coordinates"":[-86.36397,43.69834]}"
129363,Alexandria,"{""type"":""Point"",""coordinates"":[-95.37754,45.88524]}"
129729,Bethany,"{""type"":""Point"",""coordinates"":[-94.02829,40.26833]}"
129898,Alexandria,"{""type"":""Point"",""coordinates"":[-71.79286,43.61146]}"
130055,Temple,"{""type"":""Point"",""coordinates"":[-71.85147,42.81814]}"
130458,Athens,"{""type"":""Point"",""coordinates"":[-73.80957,42.26036]}"
130711,Greece,"{""type"":""Point"",""coordinates"":[-77.69306,43.20978]}"
131704,Athens,"{""type"":""Point"",""coordinates"":[-76.518,41.9573]}"
131916,Emmaus,"{""type"":""Point"",""coordinates"":[-75.49685,40.53954]}"
132427,Temple,"{""type"":""Point"",""coordinates"":[-75.9216,40.4087]}"
132577,Alexandria,"{""type"":""Point"",""coordinates"":[-97.78285,43.65359]}"
132708,Athens,"{""type"":""Point"",""coordinates"":[-90.07402,45.03302]}"
133084,Bethany,"{""type"":""Point"",""coordinates"":[-80.55674,40.20563]}"
134695,Hart,"{""type"":""Point"",""coordinates"":[-102.11574,34.38507]}"
135250,Bethany,"{""type"":""Point"",""coordinates"":[-122.8676,45.55789]}"
135274,Cornelius,"{""type"":""Point"",""coordinates"":[-123.05983,45.51984]}"
136125,Fairbanks,"{""type"":""Point"",""coordinates"":[-147.71639,64.83778]}"
3477,York,"{""type"":""Point"",""coordinates"":[116.76874,-31.88467]}"
9002,Oxford,"{""type"":""Point"",""coordinates"":[-63.86542,45.73345]}"
9296,Paris,"{""type"":""Point"",""coordinates"":[-80.38333,43.2]}"
51202,Paris,"{""type"":""Point"",""coordinates"":[2.3488,48.85341]}"
56758,York,"{""type"":""Point"",""coordinates"":[-1.08271,53.95763]}"
56987,Washington,"{""type"":""Point"",""coordinates"":[-1.51667,54.9]}"
56988,Washington,"{""type"":""Point"",""coordinates"":[-0.40649,50.90487]}"
57769,Oxford,"{""type"":""Point"",""coordinates"":[-1.25596,51.75222]}"
59661,Boston,"{""type"":""Point"",""coordinates"":[-0.02664,52.97633]}"
93489,Oxford,"{""type"":""Point"",""coordinates"":[172.18333,-43.3]}"
98646,Cafe,"{""type"":""Point"",""coordinates"":[120.70623,15.33686]}"
98855,Boston,"{""type"":""Point"",""coordinates"":[126.36417,7.87111]}"
99008,Bay,"{""type"":""Point"",""coordinates"":[121.2848,14.1831]}"
120548,Oxford,"{""type"":""Point"",""coordinates"":[-85.83496,33.61427]}"
120635,York,"{""type"":""Point"",""coordinates"":[-88.29642,32.48625]}"
120648,Bay,"{""type"":""Point"",""coordinates"":[-90.56233,35.7423]}"
120697,England,"{""type"":""Point"",""coordinates"":[-91.96903,34.54426]}"
120797,Paris,"{""type"":""Point"",""coordinates"":[-93.72992,35.29203]}"
121651,Boston,"{""type"":""Point"",""coordinates"":[-83.78989,30.79186]}"
121871,Oxford,"{""type"":""Point"",""coordinates"":[-83.86741,33.619]}"
121973,Washington,"{""type"":""Point"",""coordinates"":[-82.73931,33.73679]}"
122134,Paris,"{""type"":""Point"",""coordinates"":[-87.69614,39.61115]}"
122344,Washington,"{""type"":""Point"",""coordinates"":[-87.17279,38.65922]}"
122489,Oxford,"{""type"":""Point"",""coordinates"":[-97.16893,37.27419]}"
122529,Washington,"{""type"":""Point"",""coordinates"":[-97.05086,39.81806]}"
122735,Paris,"{""type"":""Point"",""coordinates"":[-84.25299,38.2098]}"
122930,Iowa,"{""type"":""Point"",""coordinates"":[-93.01376,30.23687]}"
123431,Bismarck,"{""type"":""Point"",""coordinates"":[-90.62485,37.76922]}"
123659,Paris,"{""type"":""Point"",""coordinates"":[-92.00128,39.48087]}"
123754,Washington,"{""type"":""Point"",""coordinates"":[-91.01209,38.55811]}"
123915,Oxford,"{""type"":""Point"",""coordinates"":[-89.51925,34.3665]}"
123923,Philadelphia,"{""type"":""Point"",""coordinates"":[-89.11673,32.77152]}"
123965,University,"{""type"":""Point"",""coordinates"":[-89.52536,34.36594]}"
124281,Oxford,"{""type"":""Point"",""coordinates"":[-78.59083,36.3107]}"
124414,Washington,"{""type"":""Point"",""coordinates"":[-77.05217,35.54655]}"
124780,Oxford,"{""type"":""Point"",""coordinates"":[-84.74523,39.507]}"
125174,Oxford,"{""type"":""Point"",""coordinates"":[-75.97883,39.78539]}"
125180,Philadelphia,"{""type"":""Point"",""coordinates"":[-75.16379,39.95234]}"
125221,York,"{""type"":""Point"",""coordinates"":[-76.72774,39.9626]}"
125462,York,"{""type"":""Point"",""coordinates"":[-81.24202,34.9943]}"
125678,Paris,"{""type"":""Point"",""coordinates"":[-88.32671,36.302]}"
126344,Paris,"{""type"":""Point"",""coordinates"":[-95.55551,33.66094]}"
126570,West,"{""type"":""Point"",""coordinates"":[-97.09167,31.80238]}"
126946,Washington,"{""type"":""Point"",""coordinates"":[-78.15944,38.71345]}"
127105,Washington,"{""type"":""Point"",""coordinates"":[-81.6718,39.26119]}"
127261,Oxford,"{""type"":""Point"",""coordinates"":[-73.11678,41.43399]}"
127342,Atlantic,"{""type"":""Point"",""coordinates"":[-95.01388,41.4036]}"
127597,Washington,"{""type"":""Point"",""coordinates"":[-91.69294,41.29918]}"
127799,Harvard,"{""type"":""Point"",""coordinates"":[-88.61371,42.42224]}"
128083,Washington,"{""type"":""Point"",""coordinates"":[-89.40731,40.70365]}"
128253,Oxford,"{""type"":""Point"",""coordinates"":[-87.24779,40.51976]}"
128346,Boston,"{""type"":""Point"",""coordinates"":[-71.05977,42.35843]}"
128433,Harvard,"{""type"":""Point"",""coordinates"":[-71.58284,42.50009]}"
128463,Leverett,"{""type"":""Point"",""coordinates"":[-72.50148,42.45203]}"
128538,Oxford,"{""type"":""Point"",""coordinates"":[-71.86479,42.11676]}"
128834,Oxford,"{""type"":""Point"",""coordinates"":[-70.49311,44.13174]}"
128837,Paris,"{""type"":""Point"",""coordinates"":[-70.50062,44.25979]}"
128899,Washington,"{""type"":""Point"",""coordinates"":[-69.36727,44.27369]}"
129221,Oxford,"{""type"":""Point"",""coordinates"":[-83.26466,42.82475]}"
129835,Harvard,"{""type"":""Point"",""coordinates"":[-98.09727,40.6189]}"
129896,York,"{""type"":""Point"",""coordinates"":[-97.592,40.86807]}"
130301,Oxford,"{""type"":""Point"",""coordinates"":[-74.98962,40.80315]}"
130405,Washington,"{""type"":""Point"",""coordinates"":[-74.97934,40.75843]}"
130998,Oxford,"{""type"":""Point"",""coordinates"":[-75.59769,42.44202]}"
131017,Philadelphia,"{""type"":""Point"",""coordinates"":[-75.70882,44.1545]}"
132466,Washington,"{""type"":""Point"",""coordinates"":[-80.24617,40.17396]}"
134827,Washington,"{""type"":""Point"",""coordinates"":[-113.50829,37.13054]}"
135028,Paris,"{""type"":""Point"",""coordinates"":[-111.40104,42.22715]}"
135158,Bismarck,"{""type"":""Point"",""coordinates"":[-100.78374,46.80833]}"
136353,University,"{""type"":""Point"",""coordinates"":[-82.43609,28.0692]}"
1487,Morrison,"{""type"":""Point"",""coordinates"":[-62.83455,-32.5948]}"
7505,Itu,"{""type"":""Point"",""coordinates"":[-47.29917,-23.26417]}"
9068,Rivers,"{""type"":""Point"",""coordinates"":[-100.24029,50.03081]}"
10331,Court,"{""type"":""Point"",""coordinates"":[7.33655,47.23956]}"
54429,Don,"{""type"":""Point"",""coordinates"":[2.91817,50.54912]}"
58578,Hill,"{""type"":""Point"",""coordinates"":[-2.51556,51.65139]}"
59073,Dundee,"{""type"":""Point"",""coordinates"":[-2.97489,56.46913]}"
80220,Montanaro,"{""type"":""Point"",""coordinates"":[7.85332,45.23355]}"
84161,Don,"{""type"":""Point"",""coordinates"":[11.13647,46.38931]}"
91805,Itu,"{""type"":""Point"",""coordinates"":[7.98475,5.2004]}"
91943,Calabar,"{""type"":""Point"",""coordinates"":[8.322,4.9517]}"
95191,Wright,"{""type"":""Point"",""coordinates"":[125.02194,11.77028]}"
96959,Mexico,"{""type"":""Point"",""coordinates"":[120.7198,15.0646]}"
115659,Long,"{""type"":""Point"",""coordinates"":[99.83073,18.07422]}"
116712,Mary,"{""type"":""Point"",""coordinates"":[61.83031,37.59378]}"
121050,Dundee,"{""type"":""Point"",""coordinates"":[-81.61924,28.02252]}"
121609,Wright,"{""type"":""Point"",""coordinates"":[-86.63829,30.45575]}"
122468,Mission,"{""type"":""Point"",""coordinates"":[-94.65579,39.02778]}"
123411,Anderson,"{""type"":""Point"",""coordinates"":[-94.44355,36.65063]}"
123620,Mexico,"{""type"":""Point"",""coordinates"":[-91.88295,39.16976]}"
125187,Scotland,"{""type"":""Point"",""coordinates"":[-77.58721,39.9687]}"
125227,Anderson,"{""type"":""Point"",""coordinates"":[-82.65013,34.50344]}"
125779,Anderson,"{""type"":""Point"",""coordinates"":[-95.9869,30.48715]}"
125970,Early,"{""type"":""Point"",""coordinates"":[-98.94561,31.7421]}"
126275,Mission,"{""type"":""Point"",""coordinates"":[-98.32529,26.21591]}"
126479,Shepherd,"{""type"":""Point"",""coordinates"":[-94.9966,30.49798]}"
127920,Morrison,"{""type"":""Point"",""coordinates"":[-89.96512,41.80975]}"
128121,Anderson,"{""type"":""Point"",""coordinates"":[-85.68025,40.10532]}"
128807,Mexico,"{""type"":""Point"",""coordinates"":[-70.54534,44.5609]}"
128829,Old Town,"{""type"":""Point"",""coordinates"":[-68.64531,44.93423]}"
129025,Dundee,"{""type"":""Point"",""coordinates"":[-83.65966,41.95727]}"
129280,Shepherd,"{""type"":""Point"",""coordinates"":[-84.69473,43.52447]}"
129969,Hill,"{""type"":""Point"",""coordinates"":[-71.70091,43.52424]}"
130614,Dundee,"{""type"":""Point"",""coordinates"":[-76.97663,42.5234]}"
130885,Mexico,"{""type"":""Point"",""coordinates"":[-76.22882,43.45951]}"
133350,August,"{""type"":""Point"",""coordinates"":[-121.26217,37.97881]}"
134869,Anderson,"{""type"":""Point"",""coordinates"":[-122.29778,40.44821]}"
135286,Dundee,"{""type"":""Point"",""coordinates"":[-123.01094,45.27817]}"
135350,Mission,"{""type"":""Point"",""coordinates"":[-118.68359,45.67041]}"
135461,Mission,"{""type"":""Point"",""coordinates"":[-100.65819,43.30584]}"
136002,Wright,"{""type"":""Point"",""coordinates"":[-105.47055,43.74692]}"
138167,Dundee,"{""type"":""Point"",""coordinates"":[30.23371,-28.16678]}"
3652,Elizabeth,"{""type"":""Point"",""coordinates"":[138.67707,-34.71944]}"
4459,Canterbury,"{""type"":""Point"",""coordinates"":[151.1,-33.9167]}"
4507,Canterbury,"{""type"":""Point"",""coordinates"":[145.08476,-37.8247]}"
9012,Pembroke,"{""type"":""Point"",""coordinates"":[-77.11616,45.81681]}"
56786,Worcester,"{""type"":""Point"",""coordinates"":[-2.22001,52.18935]}"
56848,Winchester,"{""type"":""Point"",""coordinates"":[-1.3187,51.06513]}"
57238,Stone,"{""type"":""Point"",""coordinates"":[0.2647,51.45032]}"
57243,Stone,"{""type"":""Point"",""coordinates"":[-2.15409,52.9059]}"
57244,Stone,"{""type"":""Point"",""coordinates"":[-0.87032,51.80246]}"
57245,Stone,"{""type"":""Point"",""coordinates"":[0.76667,51]}"
57595,Reading,"{""type"":""Point"",""coordinates"":[-0.97113,51.45625]}"
57741,Pembroke,"{""type"":""Point"",""coordinates"":[-4.91286,51.67464]}"
58739,Grimsby,"{""type"":""Point"",""coordinates"":[-0.07553,53.56539]}"
59466,Canterbury,"{""type"":""Point"",""coordinates"":[1.07992,51.27904]}"
59802,Battle,"{""type"":""Point"",""coordinates"":[0.48417,50.91732]}"
88397,Pembroke,"{""type"":""Point"",""coordinates"":[14.47639,35.93056]}"
111388,Is,"{""type"":""Point"",""coordinates"":[59.7179,58.7909]}"
118259,Of,"{""type"":""Point"",""coordinates"":[40.26746,40.94458]}"
121877,Pembroke,"{""type"":""Point"",""coordinates"":[-81.62206,32.13603]}"
122108,Metropolis,"{""type"":""Point"",""coordinates"":[-88.732,37.15117]}"
122196,Winchester,"{""type"":""Point"",""coordinates"":[-90.45624,39.62977]}"
122533,Westmoreland,"{""type"":""Point"",""coordinates"":[-96.41361,39.39389]}"
122801,Winchester,"{""type"":""Point"",""coordinates"":[-84.17965,37.99008]}"
123635,New London,"{""type"":""Point"",""coordinates"":[-91.40098,39.58532]}"
123768,Winchester,"{""type"":""Point"",""coordinates"":[-90.5279,38.59033]}"
124282,Pembroke,"{""type"":""Point"",""coordinates"":[-79.19504,34.68016]}"
124792,Reading,"{""type"":""Point"",""coordinates"":[-84.44216,39.22367]}"
124851,Winchester,"{""type"":""Point"",""coordinates"":[-83.65075,38.94174]}"
125749,Westmoreland,"{""type"":""Point"",""coordinates"":[-86.24804,36.56199]}"
125757,Winchester,"{""type"":""Point"",""coordinates"":[-86.11221,35.18592]}"
126126,Italy,"{""type"":""Point"",""coordinates"":[-96.88472,32.18404]}"
126868,Pembroke,"{""type"":""Point"",""coordinates"":[-80.63895,37.31957]}"
126958,Winchester,"{""type"":""Point"",""coordinates"":[-78.16333,39.18566]}"
127010,Elizabeth,"{""type"":""Point"",""coordinates"":[-81.39512,39.06341]}"
127243,New London,"{""type"":""Point"",""coordinates"":[-72.09952,41.35565]}"
127427,George,"{""type"":""Point"",""coordinates"":[-96.00224,43.34386]}"
127512,New London,"{""type"":""Point"",""coordinates"":[-91.3996,40.92698]}"
128303,Winchester,"{""type"":""Point"",""coordinates"":[-84.98135,40.17199]}"
128557,Reading,"{""type"":""Point"",""coordinates"":[-71.09533,42.52565]}"
128565,Rutland,"{""type"":""Point"",""coordinates"":[-71.94813,42.36954]}"
128666,Winchester,"{""type"":""Point"",""coordinates"":[-71.137,42.45232]}"
128669,Worcester,"{""type"":""Point"",""coordinates"":[-71.80229,42.26259]}"
129245,Reading,"{""type"":""Point"",""coordinates"":[-84.74801,41.83949]}"
129583,New London,"{""type"":""Point"",""coordinates"":[-94.94418,45.30108]}"
129918,Canterbury,"{""type"":""Point"",""coordinates"":[-71.56535,43.33702]}"
130008,New London,"{""type"":""Point"",""coordinates"":[-71.98508,43.41396]}"
130023,Pembroke,"{""type"":""Point"",""coordinates"":[-71.45757,43.14675]}"
130065,Westmoreland,"{""type"":""Point"",""coordinates"":[-72.44231,42.96203]}"
130069,Winchester,"{""type"":""Point"",""coordinates"":[-72.38314,42.77342]}"
130147,Elizabeth,"{""type"":""Point"",""coordinates"":[-74.2107,40.66399]}"
130541,Castile,"{""type"":""Point"",""coordinates"":[-78.05445,42.62895]}"
131262,Worcester,"{""type"":""Point"",""coordinates"":[-74.75043,42.59146]}"
131519,New London,"{""type"":""Point"",""coordinates"":[-82.39989,41.08505]}"
131904,Elizabeth,"{""type"":""Point"",""coordinates"":[-79.88977,40.26924]}"
132311,Reading,"{""type"":""Point"",""coordinates"":[-75.92687,40.33565]}"
132676,Rutland,"{""type"":""Point"",""coordinates"":[-72.97261,43.61062]}"
132927,New London,"{""type"":""Point"",""coordinates"":[-88.73983,44.39276]}"
134236,Winchester,"{""type"":""Point"",""coordinates"":[-117.08447,33.70697]}"
134312,Elizabeth,"{""type"":""Point"",""coordinates"":[-104.59692,39.36027]}"
134633,Winchester,"{""type"":""Point"",""coordinates"":[-115.11889,36.12997]}"
138148,George,"{""type"":""Point"",""coordinates"":[22.46173,-33.963]}"
138231,Worcester,"{""type"":""Point"",""coordinates"":[19.44852,-33.64651]}"
1704,Cervantes,"{""type"":""Point"",""coordinates"":[-67.38333,-39.05]}"
3962,Milton,"{""type"":""Point"",""coordinates"":[150.4361,-35.31644]}"
4453,Milton,"{""type"":""Point"",""coordinates"":[153.00312,-27.47039]}"
5133,Waterloo,"{""type"":""Point"",""coordinates"":[4.4014,50.71255]}"
5154,Verlaine,"{""type"":""Point"",""coordinates"":[5.3174,50.60743]}"
6350,Pombal,"{""type"":""Point"",""coordinates"":[-37.80167,-6.77028]}"
7454,Joinville,"{""type"":""Point"",""coordinates"":[-48.84556,-26.30444]}"
8742,Dryden,"{""type"":""Point"",""coordinates"":[-92.75032,49.78334]}"
8788,Golden,"{""type"":""Point"",""coordinates"":[-116.9689,51.29995]}"
8900,London,"{""type"":""Point"",""coordinates"":[-81.23304,42.98339]}"
8937,Milton,"{""type"":""Point"",""coordinates"":[-79.88294,43.51681]}"
9061,Richelieu,"{""type"":""Point"",""coordinates"":[-73.24602,45.44336]}"
9244,Waterloo,"{""type"":""Point"",""coordinates"":[-72.51582,45.35008]}"
9245,Waterloo,"{""type"":""Point"",""coordinates"":[-80.51639,43.4668]}"
9726,Saxon,"{""type"":""Point"",""coordinates"":[7.18074,46.15005]}"
26821,Heredia,"{""type"":""Point"",""coordinates"":[-84.11651,10.00236]}"
30989,Sand,"{""type"":""Point"",""coordinates"":[10.5862,49.98585]}"
40076,Don Juan,"{""type"":""Point"",""coordinates"":[-69.94629,18.82774]}"
48447,Vigny,"{""type"":""Point"",""coordinates"":[1.92806,49.07902]}"
48521,Versailles,"{""type"":""Point"",""coordinates"":[2.13333,48.8]}"
49338,Sand,"{""type"":""Point"",""coordinates"":[7.6126,48.38238]}"
49464,Saint-Simon,"{""type"":""Point"",""coordinates"":[2.4909,44.96492]}"
50572,Richelieu,"{""type"":""Point"",""coordinates"":[0.32406,47.01389]}"
52385,Lorris,"{""type"":""Point"",""coordinates"":[2.51478,47.8895]}"
52960,La Rochelle,"{""type"":""Point"",""coordinates"":[-1.15,46.16667]}"
52961,La Rochefoucauld,"{""type"":""Point"",""coordinates"":[0.38564,45.74048]}"
53387,Joinville,"{""type"":""Point"",""coordinates"":[5.14144,48.44363]}"
53721,Gray,"{""type"":""Point"",""coordinates"":[5.59215,47.44575]}"
54032,Fontaine,"{""type"":""Point"",""coordinates"":[5.68265,45.19839]}"
55710,Bourgogne,"{""type"":""Point"",""coordinates"":[4.07111,49.34962]}"
56173,Balzac,"{""type"":""Point"",""coordinates"":[0.11667,45.7]}"
56691,Abbeville,"{""type"":""Point"",""coordinates"":[1.83333,50.1]}"
58157,London,"{""type"":""Point"",""coordinates"":[-0.12574,51.50853]}"
59352,Church,"{""type"":""Point"",""coordinates"":[-2.39121,53.75177]}"
59933,Arnold,"{""type"":""Point"",""coordinates"":[-1.13333,53]}"
60281,Waterloo,"{""type"":""Point"",""coordinates"":[-3.03017,53.47454]}"
92983,Sand,"{""type"":""Point"",""coordinates"":[11.5403,60.3922]}"
93332,Sand,"{""type"":""Point"",""coordinates"":[6.25353,59.48532]}"
93551,Milton,"{""type"":""Point"",""coordinates"":[169.96944,-46.12083]}"
98385,Cervantes,"{""type"":""Point"",""coordinates"":[120.7359,16.9909]}"
98386,Cervantes,"{""type"":""Point"",""coordinates"":[124.65972,12.36861]}"
98387,Cervantes,"{""type"":""Point"",""coordinates"":[123.5209,10.8726]}"
103563,Pombal,"{""type"":""Point"",""coordinates"":[-8.62847,39.91674]}"
113130,Never,"{""type"":""Point"",""coordinates"":[124.15777,53.97946]}"
114839,Waterloo,"{""type"":""Point"",""coordinates"":[-13.07194,8.33833]}"
120443,Geneva,"{""type"":""Point"",""coordinates"":[-85.86382,31.03296]}"
120491,Lafayette,"{""type"":""Point"",""coordinates"":[-85.40106,32.89985]}"
120691,Dumas,"{""type"":""Point"",""coordinates"":[-91.49179,33.88705]}"
120741,Johnson,"{""type"":""Point"",""coordinates"":[-94.16548,36.13286]}"
120757,London,"{""type"":""Point"",""coordinates"":[-93.25296,35.32897]}"
120877,Milton,"{""type"":""Point"",""coordinates"":[-75.30991,38.77761]}"
121104,Geneva,"{""type"":""Point"",""coordinates"":[-81.11506,28.73972]}"
121294,Milton,"{""type"":""Point"",""coordinates"":[-87.03969,30.63241]}"
121616,Abbeville,"{""type"":""Point"",""coordinates"":[-83.30682,31.99212]}"
121662,Byron,"{""type"":""Point"",""coordinates"":[-83.75963,32.65376]}"
121686,Columbus,"{""type"":""Point"",""coordinates"":[-84.98771,32.46098]}"
121757,Gray,"{""type"":""Point"",""coordinates"":[-83.53378,33.00958]}"
121783,Homer,"{""type"":""Point"",""coordinates"":[-83.49906,34.33372]}"
122190,Waterloo,"{""type"":""Point"",""coordinates"":[-90.14983,38.33589]}"
122229,Columbus,"{""type"":""Point"",""coordinates"":[-85.92138,39.20144]}"
122241,English,"{""type"":""Point"",""coordinates"":[-86.46415,38.3345]}"
122251,Geneva,"{""type"":""Point"",""coordinates"":[-85.71998,39.39172]}"
122340,Versailles,"{""type"":""Point"",""coordinates"":[-85.2519,39.072]}"
122345,Waterloo,"{""type"":""Point"",""coordinates"":[-86.19749,39.56255]}"
122387,Columbus,"{""type"":""Point"",""coordinates"":[-94.84412,37.16923]}"
122685,London,"{""type"":""Point"",""coordinates"":[-84.08326,37.12898]}"
122786,Versailles,"{""type"":""Point"",""coordinates"":[-84.72995,38.05258]}"
122806,Abbeville,"{""type"":""Point"",""coordinates"":[-92.13429,29.97465]}"
122910,Gray,"{""type"":""Point"",""coordinates"":[-90.78648,29.69771]}"
122925,Homer,"{""type"":""Point"",""coordinates"":[-93.05572,32.79181]}"
122947,Lafayette,"{""type"":""Point"",""coordinates"":[-92.01984,30.22409]}"
122981,Milton,"{""type"":""Point"",""coordinates"":[-92.07651,30.10381]}"
123045,Scott,"{""type"":""Point"",""coordinates"":[-92.09457,30.23576]}"
123098,Arnold,"{""type"":""Point"",""coordinates"":[-76.50274,39.03206]}"
123201,Frederick,"{""type"":""Point"",""coordinates"":[-77.41054,39.41427]}"
123414,Arnold,"{""type"":""Point"",""coordinates"":[-90.37762,38.43283]}"
123746,Versailles,"{""type"":""Point"",""coordinates"":[-92.84103,38.43141]}"
123812,Columbus,"{""type"":""Point"",""coordinates"":[-88.42726,33.49567]}"
123838,Gautier,"{""type"":""Point"",""coordinates"":[-88.61169,30.38576]}"
124067,Columbus,"{""type"":""Point"",""coordinates"":[-82.19706,35.25317]}"
124642,Columbus,"{""type"":""Point"",""coordinates"":[-82.99879,39.96118]}"
124678,Geneva,"{""type"":""Point"",""coordinates"":[-82.43349,39.66201]}"
124722,London,"{""type"":""Point"",""coordinates"":[-83.44825,39.88645]}"
124934,Frederick,"{""type"":""Point"",""coordinates"":[-99.01841,34.39203]}"
124957,Hugo,"{""type"":""Point"",""coordinates"":[-95.50968,34.01066]}"
124979,Luther,"{""type"":""Point"",""coordinates"":[-97.19559,35.66173]}"
125224,Abbeville,"{""type"":""Point"",""coordinates"":[-82.37901,34.17817]}"
125413,Saxon,"{""type"":""Point"",""coordinates"":[-81.96733,34.96123]}"
125568,Gray,"{""type"":""Point"",""coordinates"":[-82.47654,36.41983]}"
125609,Lafayette,"{""type"":""Point"",""coordinates"":[-86.02637,36.52116]}"
125610,Lafayette,"{""type"":""Point"",""coordinates"":[-85.71609,36.18589]}"
125916,Columbus,"{""type"":""Point"",""coordinates"":[-96.53969,29.70662]}"
126002,Fate,"{""type"":""Point"",""coordinates"":[-96.38137,32.94151]}"
126096,Holland,"{""type"":""Point"",""coordinates"":[-97.40167,30.87824]}"
126714,Dryden,"{""type"":""Point"",""coordinates"":[-82.94155,36.77759]}"
127047,Milton,"{""type"":""Point"",""coordinates"":[-82.13236,38.43453]}"
127140,Abbeville,"{""type"":""Point"",""coordinates"":[-85.25049,31.57184]}"
127174,Alfred,"{""type"":""Point"",""coordinates"":[-70.71839,43.47647]}"
127598,Waterloo,"{""type"":""Point"",""coordinates"":[-92.34296,42.49276]}"
127661,Byron,"{""type"":""Point"",""coordinates"":[-89.25566,42.12697]}"
127772,Geneva,"{""type"":""Point"",""coordinates"":[-88.30535,41.88753]}"
127819,Homer,"{""type"":""Point"",""coordinates"":[-87.95809,40.03476]}"
127872,Lisle,"{""type"":""Point"",""coordinates"":[-88.07479,41.80114]}"
128178,Geneva,"{""type"":""Point"",""coordinates"":[-84.95719,40.59199]}"
128208,Lafayette,"{""type"":""Point"",""coordinates"":[-86.87529,40.4167]}"
128296,Waterloo,"{""type"":""Point"",""coordinates"":[-85.01997,41.43199]}"
128443,Holland,"{""type"":""Point"",""coordinates"":[-72.1573,42.06398]}"
128497,Milton,"{""type"":""Point"",""coordinates"":[-71.06616,42.24954]}"
129102,Holland,"{""type"":""Point"",""coordinates"":[-86.10893,42.78752]}"
129105,Homer,"{""type"":""Point"",""coordinates"":[-84.80886,42.14588]}"
129371,Arnold,"{""type"":""Point"",""coordinates"":[-92.09047,46.88022]}"
129402,Byron,"{""type"":""Point"",""coordinates"":[-92.64546,44.03274]}"
129505,Hugo,"{""type"":""Point"",""coordinates"":[-92.99327,45.15997]}"
129813,Columbus,"{""type"":""Point"",""coordinates"":[-97.36838,41.42973]}"
129828,Geneva,"{""type"":""Point"",""coordinates"":[-97.59588,40.52695]}"
130442,Alfred,"{""type"":""Point"",""coordinates"":[-77.79055,42.25424]}"
130613,Dryden,"{""type"":""Point"",""coordinates"":[-76.29716,42.49091]}"
130692,Geneva,"{""type"":""Point"",""coordinates"":[-76.97774,42.86896]}"
130759,Holland,"{""type"":""Point"",""coordinates"":[-78.54169,42.64117]}"
130762,Homer,"{""type"":""Point"",""coordinates"":[-76.17882,42.63701]}"
130893,Milton,"{""type"":""Point"",""coordinates"":[-73.85262,43.03369]}"
130894,Milton,"{""type"":""Point"",""coordinates"":[-73.95708,41.65982]}"
131191,Victor,"{""type"":""Point"",""coordinates"":[-77.40888,42.98256]}"
131213,Waterloo,"{""type"":""Point"",""coordinates"":[-76.86274,42.90479]}"
131408,Geneva,"{""type"":""Point"",""coordinates"":[-80.94815,41.80505]}"
131434,Holland,"{""type"":""Point"",""coordinates"":[-83.7116,41.62172]}"
131645,Versailles,"{""type"":""Point"",""coordinates"":[-84.4844,40.22255]}"
131700,Arnold,"{""type"":""Point"",""coordinates"":[-79.76672,40.58007]}"
132164,Milton,"{""type"":""Point"",""coordinates"":[-76.84774,41.01203]}"
132460,Versailles,"{""type"":""Point"",""coordinates"":[-79.83116,40.31563]}"
132658,Johnson,"{""type"":""Point"",""coordinates"":[-72.6804,44.63561]}"
132663,Milton,"{""type"":""Point"",""coordinates"":[-73.11041,44.63977]}"
132762,Columbus,"{""type"":""Point"",""coordinates"":[-89.01539,43.33805]}"
132905,Milton,"{""type"":""Point"",""coordinates"":[-88.944,42.77556]}"
132973,Racine,"{""type"":""Point"",""coordinates"":[-87.78285,42.72613]}"
133050,Waterloo,"{""type"":""Point"",""coordinates"":[-88.98844,43.18388]}"
133338,Arnold,"{""type"":""Point"",""coordinates"":[-120.35103,38.25547]}"
133418,Byron,"{""type"":""Point"",""coordinates"":[-121.63801,37.86715]}"
133729,Lafayette,"{""type"":""Point"",""coordinates"":[-122.11802,37.88576]}"
133784,London,"{""type"":""Point"",""coordinates"":[-119.44318,36.47606]}"
134331,Golden,"{""type"":""Point"",""coordinates"":[-105.2211,39.75554]}"
134337,Hugo,"{""type"":""Point"",""coordinates"":[-103.46994,39.1361]}"
134345,Lafayette,"{""type"":""Point"",""coordinates"":[-105.08971,39.9936]}"
134427,Johnson,"{""type"":""Point"",""coordinates"":[-101.751,37.57057]}"
134473,Columbus,"{""type"":""Point"",""coordinates"":[-107.64002,31.8276]}"
134672,Dumas,"{""type"":""Point"",""coordinates"":[-101.97324,35.86559]}"
134933,Frederick,"{""type"":""Point"",""coordinates"":[-104.9372,40.09915]}"
135055,Victor,"{""type"":""Point"",""coordinates"":[-111.11133,43.6027]}"
135081,Columbus,"{""type"":""Point"",""coordinates"":[-109.25211,45.63661]}"
135331,Lafayette,"{""type"":""Point"",""coordinates"":[-123.11483,45.24428]}"
135504,Francis,"{""type"":""Point"",""coordinates"":[-111.28074,40.61051]}"
135724,Geneva,"{""type"":""Point"",""coordinates"":[-122.40183,48.74567]}"
135797,Milton,"{""type"":""Point"",""coordinates"":[-122.3129,47.24816]}"
136130,Homer,"{""type"":""Point"",""coordinates"":[-151.54833,59.6425]}"
136164,Milton,"{""type"":""Point"",""coordinates"":[-84.30067,34.13216]}"
136169,Columbus,"{""type"":""Point"",""coordinates"":[-93.05015,45.26522]}"
3594,Marion,"{""type"":""Point"",""coordinates"":[138.56667,-35.01667]}"
4103,Gordon,"{""type"":""Point"",""coordinates"":[152.71667,-29.3]}"
4146,Emerald,"{""type"":""Point"",""coordinates"":[148.15784,-23.52296]}"
4259,Brunswick,"{""type"":""Point"",""coordinates"":[144.96667,-37.76667]}"
8826,Hudson,"{""type"":""Point"",""coordinates"":[-74.14922,45.45008]}"
8940,Miramichi,"{""type"":""Point"",""coordinates"":[-65.50186,47.02895]}"
9277,St. John's,"{""type"":""Point"",""coordinates"":[-52.70931,47.56494]}"
56968,Welford,"{""type"":""Point"",""coordinates"":[-1.41131,51.45727]}"
57697,Plymouth,"{""type"":""Point"",""coordinates"":[-4.14305,50.37153]}"
79045,Rome,"{""type"":""Point"",""coordinates"":[12.4839,41.89474]}"
88326,Plymouth,"{""type"":""Point"",""coordinates"":[-62.21292,16.70555]}"
88422,Providence,"{""type"":""Point"",""coordinates"":[57.61222,-20.24472]}"
97817,Jordan,"{""type"":""Point"",""coordinates"":[122.5963,10.65836]}"
120511,Marion,"{""type"":""Point"",""coordinates"":[-87.31917,32.63235]}"
120729,Highland,"{""type"":""Point"",""coordinates"":[-91.52403,36.2759]}"
120766,Marion,"{""type"":""Point"",""coordinates"":[-90.19648,35.21453]}"
121160,Hudson,"{""type"":""Point"",""coordinates"":[-82.69343,28.36445]}"
121657,Brunswick,"{""type"":""Point"",""coordinates"":[-81.49149,31.14995]}"
121755,Gordon,"{""type"":""Point"",""coordinates"":[-83.33238,32.88209]}"
121903,Rome,"{""type"":""Point"",""coordinates"":[-85.16467,34.25704]}"
122080,Highland,"{""type"":""Point"",""coordinates"":[-89.6712,38.73949]}"
122099,Marion,"{""type"":""Point"",""coordinates"":[-88.93313,37.73061]}"
122263,Highland,"{""type"":""Point"",""coordinates"":[-87.57307,38.03976]}"
122427,Highland,"{""type"":""Point"",""coordinates"":[-95.2697,39.85972]}"
122462,Marion,"{""type"":""Point"",""coordinates"":[-97.01724,38.34835]}"
122693,Marion,"{""type"":""Point"",""coordinates"":[-88.08113,37.33283]}"
122746,Providence,"{""type"":""Point"",""coordinates"":[-85.22107,38.57451]}"
122747,Providence,"{""type"":""Point"",""coordinates"":[-87.76279,37.39754]}"
123123,Brunswick,"{""type"":""Point"",""coordinates"":[-77.62777,39.31427]}"
123233,Highland,"{""type"":""Point"",""coordinates"":[-76.95748,39.179]}"
123888,Marion,"{""type"":""Point"",""coordinates"":[-88.64782,32.41736]}"
124033,Brunswick,"{""type"":""Point"",""coordinates"":[-78.70113,34.28684]}"
124174,Hudson,"{""type"":""Point"",""coordinates"":[-81.49593,35.84846]}"
124226,Marion,"{""type"":""Point"",""coordinates"":[-82.00927,35.68401]}"
124295,Plymouth,"{""type"":""Point"",""coordinates"":[-76.74856,35.86683]}"
125362,Marion,"{""type"":""Point"",""coordinates"":[-79.40061,34.17822]}"
125768,Alice,"{""type"":""Point"",""coordinates"":[-98.06972,27.75225]}"
126107,Hudson,"{""type"":""Point"",""coordinates"":[-94.77826,31.32268]}"
126108,Hudson,"{""type"":""Point"",""coordinates"":[-95.50244,29.90245]}"
126243,Marion,"{""type"":""Point"",""coordinates"":[-98.14029,29.57134]}"
126825,Marion,"{""type"":""Point"",""coordinates"":[-81.51484,36.83484]}"
127266,Plymouth,"{""type"":""Point"",""coordinates"":[-73.05289,41.67204]}"
127383,Conrad,"{""type"":""Point"",""coordinates"":[-92.87465,42.22471]}"
127448,Hudson,"{""type"":""Point"",""coordinates"":[-92.45547,42.40665]}"
127491,Marion,"{""type"":""Point"",""coordinates"":[-91.59768,42.03417]}"
127824,Hudson,"{""type"":""Point"",""coordinates"":[-88.9873,40.60587]}"
128012,Rome,"{""type"":""Point"",""coordinates"":[-89.50259,40.88309]}"
128193,Highland,"{""type"":""Point"",""coordinates"":[-87.45198,41.55365]}"
128221,Marion,"{""type"":""Point"",""coordinates"":[-85.65914,40.55837]}"
128257,Plymouth,"{""type"":""Point"",""coordinates"":[-86.30973,41.34366]}"
128450,Hudson,"{""type"":""Point"",""coordinates"":[-71.56618,42.39176]}"
128476,Marion,"{""type"":""Point"",""coordinates"":[-70.76281,41.7001]}"
128548,Plymouth,"{""type"":""Point"",""coordinates"":[-70.66726,41.95844]}"
128698,Brunswick,"{""type"":""Point"",""coordinates"":[-69.96533,43.91452]}"
128774,Hudson,"{""type"":""Point"",""coordinates"":[-68.88059,45.00118]}"
128845,Plymouth,"{""type"":""Point"",""coordinates"":[-69.21033,44.76729]}"
128855,Rome,"{""type"":""Point"",""coordinates"":[-69.86922,44.58506]}"
129111,Hudson,"{""type"":""Point"",""coordinates"":[-84.35384,41.85505]}"
129234,Plymouth,"{""type"":""Point"",""coordinates"":[-83.47021,42.37143]}"
129493,Harmony,"{""type"":""Point"",""coordinates"":[-92.01016,43.55524]}"
129514,Jordan,"{""type"":""Point"",""coordinates"":[-93.6269,44.66691]}"
129622,Plymouth,"{""type"":""Point"",""coordinates"":[-93.45551,45.01052]}"
129819,Eagle,"{""type"":""Point"",""coordinates"":[-96.43029,40.81667]}"
129976,Hudson,"{""type"":""Point"",""coordinates"":[-71.43979,42.76481]}"
130028,Plymouth,"{""type"":""Point"",""coordinates"":[-71.68813,43.75702]}"
130276,New Brunswick,"{""type"":""Point"",""coordinates"":[-74.45182,40.48622]}"
130751,Highland,"{""type"":""Point"",""coordinates"":[-73.96014,41.72093]}"
130768,Hudson,"{""type"":""Point"",""coordinates"":[-73.79096,42.25286]}"
130792,Jordan,"{""type"":""Point"",""coordinates"":[-76.47299,43.06534]}"
130864,Marion,"{""type"":""Point"",""coordinates"":[-77.18915,43.1434]}"
131071,Rome,"{""type"":""Point"",""coordinates"":[-75.45573,43.21285]}"
131325,Brunswick,"{""type"":""Point"",""coordinates"":[-81.8418,41.23811]}"
131438,Hudson,"{""type"":""Point"",""coordinates"":[-81.44067,41.24006]}"
131479,Marion,"{""type"":""Point"",""coordinates"":[-83.12852,40.58867]}"
131570,Plymouth,"{""type"":""Point"",""coordinates"":[-82.66712,40.99561]}"
132023,Hudson,"{""type"":""Point"",""coordinates"":[-75.83603,41.2748]}"
132293,Plymouth,"{""type"":""Point"",""coordinates"":[-75.94464,41.24036]}"
132567,Providence,"{""type"":""Point"",""coordinates"":[-71.41283,41.82399]}"
132785,Eagle,"{""type"":""Point"",""coordinates"":[-88.47426,42.87946]}"
132840,Hudson,"{""type"":""Point"",""coordinates"":[-92.75687,44.97469]}"
132889,Marion,"{""type"":""Point"",""coordinates"":[-88.88927,44.67081]}"
132961,Plymouth,"{""type"":""Point"",""coordinates"":[-87.97704,43.74861]}"
133669,Highland,"{""type"":""Point"",""coordinates"":[-117.20865,34.12834]}"
133971,Plymouth,"{""type"":""Point"",""coordinates"":[-120.84466,38.48185]}"
134308,Eagle,"{""type"":""Point"",""coordinates"":[-106.82865,39.65526]}"
134442,Ulysses,"{""type"":""Point"",""coordinates"":[-101.35517,37.58141]}"
134940,Hudson,"{""type"":""Point"",""coordinates"":[-104.64302,40.07359]}"
134985,Eagle,"{""type"":""Point"",""coordinates"":[-116.35401,43.69544]}"
135082,Conrad,"{""type"":""Point"",""coordinates"":[-111.94613,48.17025]}"
135106,Jordan,"{""type"":""Point"",""coordinates"":[-106.91007,47.32083]}"
135199,Gordon,"{""type"":""Point"",""coordinates"":[-102.20322,42.80472]}"
135512,Highland,"{""type"":""Point"",""coordinates"":[-111.77021,40.44995]}"
135556,Providence,"{""type"":""Point"",""coordinates"":[-111.81716,41.70632]}"
135737,Highland,"{""type"":""Point"",""coordinates"":[-119.11418,46.13152]}"
138226,Alice,"{""type"":""Point"",""coordinates"":[26.8344,-32.78749]}"
1315,Victoria,"{""type"":""Point"",""coordinates"":[-60.15478,-32.61841]}"
1885,Vienna,"{""type"":""Point"",""coordinates"":[16.37208,48.20849]}"
3717,Albany,"{""type"":""Point"",""coordinates"":[117.86595,-35.0031]}"
5547,Brussels,"{""type"":""Point"",""coordinates"":[4.34878,50.85045]}"
8181,West End,"{""type"":""Point"",""coordinates"":[-78.99638,26.70138]}"
9230,Victoria,"{""type"":""Point"",""coordinates"":[-123.3693,48.43294]}"
9250,West End,"{""type"":""Point"",""coordinates"":[-123.13333,49.28333]}"
10918,Victoria,"{""type"":""Point"",""coordinates"":[-72.33292,-38.23291]}"
25844,Victoria,"{""type"":""Point"",""coordinates"":[-74.91101,5.31648]}"
27571,Prague,"{""type"":""Point"",""coordinates"":[14.42076,50.08804]}"
29947,Tannenberg,"{""type"":""Point"",""coordinates"":[12.95,50.6]}"
49010,Still,"{""type"":""Point"",""coordinates"":[7.40444,48.54982]}"
56492,Antony,"{""type"":""Point"",""coordinates"":[2.3,48.75]}"
56624,Albert,"{""type"":""Point"",""coordinates"":[2.65096,50.00091]}"
56938,West End,"{""type"":""Point"",""coordinates"":[-1.33282,50.92741]}"
57034,Victoria,"{""type"":""Point"",""coordinates"":[-3.2,51.75]}"
57220,Street,"{""type"":""Point"",""coordinates"":[-2.74,51.12472]}"
58051,Marlborough,"{""type"":""Point"",""coordinates"":[-1.72751,51.42062]}"
58285,Leicester,"{""type"":""Point"",""coordinates"":[-1.13169,52.6386]}"
58494,Hyde,"{""type"":""Point"",""coordinates"":[-2.07943,53.45131]}"
58545,Hook,"{""type"":""Point"",""coordinates"":[-0.84792,53.72053]}"
58546,Hook,"{""type"":""Point"",""coordinates"":[-0.95967,51.28425]}"
59651,Bournemouth,"{""type"":""Point"",""coordinates"":[-1.8795,50.72048]}"
60057,Hook,"{""type"":""Point"",""coordinates"":[-4.93167,51.765]}"
60316,Victoria,"{""type"":""Point"",""coordinates"":[-61.70677,12.19021]}"
62102,Victoria,"{""type"":""Point"",""coordinates"":[-87.82625,15.50381]}"
72662,Dublin,"{""type"":""Point"",""coordinates"":[-6.24889,53.33306]}"
72669,Cork,"{""type"":""Point"",""coordinates"":[-8.47061,51.89797]}"
81061,Front,"{""type"":""Point"",""coordinates"":[7.66362,45.28085]}"
88351,Victoria,"{""type"":""Point"",""coordinates"":[14.23972,36.04444]}"
91199,Victoria,"{""type"":""Point"",""coordinates"":[-100.21534,21.21078]}"
91331,Victoria,"{""type"":""Point"",""coordinates"":[115.24167,5.27667]}"
95225,Victoria,"{""type"":""Point"",""coordinates"":[120.6822,15.5775]}"
95226,Victoria,"{""type"":""Point"",""coordinates"":[121.3292,14.2277]}"
95227,Victoria,"{""type"":""Point"",""coordinates"":[121.27806,13.17722]}"
95228,Victoria,"{""type"":""Point"",""coordinates"":[124.31111,12.44722]}"
98092,Flora,"{""type"":""Point"",""coordinates"":[121.4185,18.2163]}"
98352,Concepcion,"{""type"":""Point"",""coordinates"":[120.8007,15.44447]}"
98353,Concepcion,"{""type"":""Point"",""coordinates"":[120.65723,15.32546]}"
98354,Concepcion,"{""type"":""Point"",""coordinates"":[120.83114,15.22089]}"
98356,Concepcion,"{""type"":""Point"",""coordinates"":[122.09361,12.3975]}"
98357,Concepcion,"{""type"":""Point"",""coordinates"":[123.1073,11.2161]}"
98358,Concepcion,"{""type"":""Point"",""coordinates"":[123.0608,10.692]}"
98359,Concepcion,"{""type"":""Point"",""coordinates"":[124.78306,10.40528]}"
99615,Concepcion,"{""type"":""Point"",""coordinates"":[125.71194,7.75056]}"
104354,Victoria,"{""type"":""Point"",""coordinates"":[27.1673,47.61018]}"
104355,Victoria,"{""type"":""Point"",""coordinates"":[27.58333,47.28333]}"
104356,Victoria,"{""type"":""Point"",""coordinates"":[24.7028,45.72968]}"
104357,Victoria,"{""type"":""Point"",""coordinates"":[27.61667,44.81667]}"
113614,Victoria,"{""type"":""Point"",""coordinates"":[55.45,-4.61667]}"
115073,Victoria,"{""type"":""Point"",""coordinates"":[-88.63333,13.95]}"
121621,Albany,"{""type"":""Point"",""coordinates"":[-84.15574,31.57851]}"
121718,Dublin,"{""type"":""Point"",""coordinates"":[-82.90375,32.54044]}"
121965,Vienna,"{""type"":""Point"",""coordinates"":[-83.79545,32.09156]}"
122057,Flora,"{""type"":""Point"",""coordinates"":[-88.4856,38.66894]}"
122183,Vienna,"{""type"":""Point"",""coordinates"":[-88.89784,37.41533]}"
122526,Victoria,"{""type"":""Point"",""coordinates"":[-99.1476,38.85279]}"
122538,Albany,"{""type"":""Point"",""coordinates"":[-85.13468,36.6909]}"
122809,Albany,"{""type"":""Point"",""coordinates"":[-90.58231,30.50436]}"
122855,Cecilia,"{""type"":""Point"",""coordinates"":[-91.85317,30.33714]}"
123409,Albany,"{""type"":""Point"",""coordinates"":[-94.11328,39.22334]}"
123612,Marlborough,"{""type"":""Point"",""coordinates"":[-90.33706,38.57033]}"
123747,Vienna,"{""type"":""Point"",""coordinates"":[-91.94711,38.18671]}"
123832,Flora,"{""type"":""Point"",""coordinates"":[-90.30926,32.5432]}"
124136,Gaston,"{""type"":""Point"",""coordinates"":[-77.64498,36.50043]}"
125034,Prague,"{""type"":""Point"",""coordinates"":[-96.68502,35.48674]}"
125306,Gaston,"{""type"":""Point"",""coordinates"":[-81.10093,33.8171]}"
125765,Albany,"{""type"":""Point"",""coordinates"":[-99.2973,32.72345]}"
125966,Dublin,"{""type"":""Point"",""coordinates"":[-98.34199,32.08514]}"
126555,Victoria,"{""type"":""Point"",""coordinates"":[-97.0036,28.80527]}"
126715,Dublin,"{""type"":""Point"",""coordinates"":[-80.68534,37.10568]}"
126939,Victoria,"{""type"":""Point"",""coordinates"":[-78.22722,36.99487]}"
126940,Vienna,"{""type"":""Point"",""coordinates"":[-77.26526,38.90122]}"
127104,Vienna,"{""type"":""Point"",""coordinates"":[-81.54846,39.32702]}"
127625,Astoria,"{""type"":""Point"",""coordinates"":[-90.35957,40.22754]}"
128118,Albany,"{""type"":""Point"",""coordinates"":[-85.24191,40.30088]}"
128168,Flora,"{""type"":""Point"",""coordinates"":[-86.52444,40.54726]}"
128460,Leicester,"{""type"":""Point"",""coordinates"":[-71.90868,42.24593]}"
128477,Marlborough,"{""type"":""Point"",""coordinates"":[-71.55215,42.34624]}"
129360,Albany,"{""type"":""Point"",""coordinates"":[-94.57,45.62996]}"
129696,Victoria,"{""type"":""Point"",""coordinates"":[-93.66163,44.85857]}"
129728,Albany,"{""type"":""Point"",""coordinates"":[-94.33107,40.24861]}"
129936,Dublin,"{""type"":""Point"",""coordinates"":[-72.06258,42.90758]}"
129995,Marlborough,"{""type"":""Point"",""coordinates"":[-72.20786,42.90425]}"
130437,Albany,"{""type"":""Point"",""coordinates"":[-73.75623,42.65258]}"
130667,Flanders,"{""type"":""Point"",""coordinates"":[-72.61759,40.90343]}"
130774,Hyde Park,"{""type"":""Point"",""coordinates"":[-73.93319,41.78482]}"
130962,North Sea,"{""type"":""Point"",""coordinates"":[-72.41425,40.93288]}"
131229,West End,"{""type"":""Point"",""coordinates"":[-75.09378,42.46869]}"
131376,Dublin,"{""type"":""Point"",""coordinates"":[-83.11408,40.09923]}"
131871,Dublin,"{""type"":""Point"",""coordinates"":[-75.20156,40.37177]}"
132030,Hyde,"{""type"":""Point"",""coordinates"":[-78.46252,41.00256]}"
132031,Hyde Park,"{""type"":""Point"",""coordinates"":[-75.92521,40.37732]}"
132656,Hyde Park,"{""type"":""Point"",""coordinates"":[-72.61651,44.59394]}"
132696,Albany,"{""type"":""Point"",""coordinates"":[-89.43706,42.70778]}"
133253,Salome,"{""type"":""Point"",""coordinates"":[-113.61465,33.78114]}"
133314,Albany,"{""type"":""Point"",""coordinates"":[-122.29775,37.88687]}"
133544,Dublin,"{""type"":""Point"",""coordinates"":[-121.93579,37.70215]}"
133579,Empire,"{""type"":""Point"",""coordinates"":[-120.90215,37.63826]}"
134622,Smith,"{""type"":""Point"",""coordinates"":[-119.32738,38.80047]}"
134735,Post,"{""type"":""Point"",""coordinates"":[-101.37819,33.19093]}"
135234,Albany,"{""type"":""Point"",""coordinates"":[-123.10593,44.63651]}"
135239,Astoria,"{""type"":""Point"",""coordinates"":[-123.83125,46.18788]}"
135469,Philip,"{""type"":""Point"",""coordinates"":[-101.66514,44.03943]}"
135516,Hyde Park,"{""type"":""Point"",""coordinates"":[-111.81911,41.79882]}"
137782,Said,"{""type"":""Point"",""coordinates"":[46.87292,14.33011]}"
641,Hot,"{""type"":""Point"",""coordinates"":[19.44417,42.36194]}"
2965,Hard,"{""type"":""Point"",""coordinates"":[9.68306,47.48306]}"
10857,Man,"{""type"":""Point"",""coordinates"":[-7.55383,7.41251]}"
66966,Pipes,"{""type"":""Point"",""coordinates"":[111.2848,-7.0646]}"
70791,Were,"{""type"":""Point"",""coordinates"":[121.0602,-8.8725]}"
79926,None,"{""type"":""Point"",""coordinates"":[7.54012,44.93314]}"
82720,Barbara,"{""type"":""Point"",""coordinates"":[13.01667,43.75]}"
84509,Barbara,"{""type"":""Point"",""coordinates"":[13.02736,43.58036]}"
115701,Hot,"{""type"":""Point"",""coordinates"":[98.61039,18.19317]}"
120644,Austin,"{""type"":""Point"",""coordinates"":[-91.98376,34.99842]}"
122145,Robinson,"{""type"":""Point"",""coordinates"":[-87.73919,39.00532]}"
122201,Austin,"{""type"":""Point"",""coordinates"":[-85.80803,38.75839]}"
122356,Anthony,"{""type"":""Point"",""coordinates"":[-98.03117,37.15336]}"
122412,Gardner,"{""type"":""Point"",""coordinates"":[-94.92719,38.81084]}"
123496,Dexter,"{""type"":""Point"",""coordinates"":[-89.95787,36.79589]}"
125796,Austin,"{""type"":""Point"",""coordinates"":[-97.74306,30.26715]}"
126418,Robinson,"{""type"":""Point"",""coordinates"":[-97.11472,31.46767]}"
127770,Gardner,"{""type"":""Point"",""coordinates"":[-88.30978,41.18559]}"
128417,Gardner,"{""type"":""Point"",""coordinates"":[-71.99813,42.57509]}"
128726,Dexter,"{""type"":""Point"",""coordinates"":[-69.28977,45.02395]}"
129020,Dexter,"{""type"":""Point"",""coordinates"":[-83.88856,42.33837]}"
129374,Austin,"{""type"":""Point"",""coordinates"":[-92.97464,43.66663]}"
130608,Dexter,"{""type"":""Point"",""coordinates"":[-76.04437,44.00784]}"
134448,Anthony,"{""type"":""Point"",""coordinates"":[-106.60583,32.00399]}"
134477,Dexter,"{""type"":""Point"",""coordinates"":[-104.37302,33.19733]}"
134645,Anthony,"{""type"":""Point"",""coordinates"":[-106.60555,31.99927]}"
2969,Hall,"{""type"":""Point"",""coordinates"":[14.45,47.6]}"
3584,Midland,"{""type"":""Point"",""coordinates"":[116,-31.9]}"
3688,Brighton,"{""type"":""Point"",""coordinates"":[138.51667,-35.01667]}"
3698,Bentley,"{""type"":""Point"",""coordinates"":[115.91667,-32]}"
3701,Bedford Park,"{""type"":""Point"",""coordinates"":[138.56667,-35.03333]}"
4133,Fitzroy,"{""type"":""Point"",""coordinates"":[144.97833,-37.79839]}"
4265,Brighton,"{""type"":""Point"",""coordinates"":[153.05721,-27.29582]}"
4341,Alexandra,"{""type"":""Point"",""coordinates"":[145.7112,-37.19132]}"
4390,Greenwich,"{""type"":""Point"",""coordinates"":[151.18306,-33.84056]}"
4396,Cremorne,"{""type"":""Point"",""coordinates"":[151.225,-33.83333]}"
4445,Paradise,"{""type"":""Point"",""coordinates"":[138.66896,-34.87361]}"
5504,Dinant,"{""type"":""Point"",""coordinates"":[4.91166,50.25807]}"
7412,Lucas,"{""type"":""Point"",""coordinates"":[-55.93333,-16.33333]}"
8615,Bedford,"{""type"":""Point"",""coordinates"":[-72.96584,45.13338]}"
8935,Midland,"{""type"":""Point"",""coordinates"":[-79.88296,44.7501]}"
9019,Pickering,"{""type"":""Point"",""coordinates"":[-79.13289,43.90012]}"
31702,Potsdam,"{""type"":""Point"",""coordinates"":[13.06566,52.39886]}"
35818,Grove,"{""type"":""Point"",""coordinates"":[10.48333,53.53333]}"
38432,Berlin,"{""type"":""Point"",""coordinates"":[13.41053,52.52437]}"
41012,Tales,"{""type"":""Point"",""coordinates"":[-0.30719,39.94844]}"
42471,Anna,"{""type"":""Point"",""coordinates"":[-0.64621,39.02029]}"
45097,Manresa,"{""type"":""Point"",""coordinates"":[1.82656,41.72498]}"
57460,Sandhurst,"{""type"":""Point"",""coordinates"":[-0.78655,51.34675]}"
57710,Pickering,"{""type"":""Point"",""coordinates"":[-0.76667,54.25]}"
57790,Orgreave,"{""type"":""Point"",""coordinates"":[-1.36667,53.38333]}"
58371,Kingswood,"{""type"":""Point"",""coordinates"":[-2.50833,51.45278]}"
58733,Grove,"{""type"":""Point"",""coordinates"":[-1.42187,51.60954]}"
59047,Ealing,"{""type"":""Point"",""coordinates"":[-0.30204,51.51216]}"
59392,Chelsea,"{""type"":""Point"",""coordinates"":[-0.16936,51.48755]}"
59541,Buckingham,"{""type"":""Point"",""coordinates"":[-0.98779,51.99968]}"
59589,Brighton,"{""type"":""Point"",""coordinates"":[-0.13947,50.82838]}"
59771,Bentley,"{""type"":""Point"",""coordinates"":[-1.15,53.53333]}"
59788,Bedford,"{""type"":""Point"",""coordinates"":[-0.46632,52.13459]}"
60104,Lambeth,"{""type"":""Point"",""coordinates"":[-0.11152,51.49635]}"
60151,Elm Park,"{""type"":""Point"",""coordinates"":[0.20136,51.5497]}"
60162,Ewell,"{""type"":""Point"",""coordinates"":[-0.2494,51.34948]}"
72564,Tower,"{""type"":""Point"",""coordinates"":[-8.6,51.91667]}"
88439,Midlands,"{""type"":""Point"",""coordinates"":[57.55833,-20.3325]}"
89185,Oriental,"{""type"":""Point"",""coordinates"":[-97.62004,19.37539]}"
93248,Ask,"{""type"":""Point"",""coordinates"":[11.03452,60.07166]}"
93558,Thames,"{""type"":""Point"",""coordinates"":[175.53333,-37.13333]}"
95427,Teresa,"{""type"":""Point"",""coordinates"":[121.2195,14.5612]}"
97530,Liberty,"{""type"":""Point"",""coordinates"":[125.0025,10.87417]}"
97531,Liberty,"{""type"":""Point"",""coordinates"":[124.62889,6.54111]}"
97532,Liberty,"{""type"":""Point"",""coordinates"":[124.98194,6.45528]}"
97818,Jones,"{""type"":""Point"",""coordinates"":[121.7029,16.5571]}"
99536,Adela,"{""type"":""Point"",""coordinates"":[120.97291,12.44164]}"
112004,Anna,"{""type"":""Point"",""coordinates"":[40.4299,51.4842]}"
118748,Paradise,"{""type"":""Point"",""coordinates"":[-61.36298,10.65298]}"
120342,Brighton,"{""type"":""Point"",""coordinates"":[-86.94721,33.43428]}"
120384,Chelsea,"{""type"":""Point"",""coordinates"":[-86.63026,33.34011]}"
120604,Theodore,"{""type"":""Point"",""coordinates"":[-88.17528,30.54769]}"
120965,Buckingham,"{""type"":""Point"",""coordinates"":[-81.73203,26.67507]}"
121907,Russell,"{""type"":""Point"",""coordinates"":[-83.70017,33.97872]}"
121994,Anna,"{""type"":""Point"",""coordinates"":[-89.24703,37.46033]}"
122014,Brighton,"{""type"":""Point"",""coordinates"":[-90.14066,39.03977]}"
122205,Bedford,"{""type"":""Point"",""coordinates"":[-86.48721,38.86116]}"
122266,Indianapolis,"{""type"":""Point"",""coordinates"":[-86.15804,39.76838]}"
122274,Liberty,"{""type"":""Point"",""coordinates"":[-84.93107,39.6356]}"
122310,Petersburg,"{""type"":""Point"",""coordinates"":[-87.27862,38.49199]}"
122503,Russell,"{""type"":""Point"",""coordinates"":[-98.85981,38.89529]}"
122552,Bedford,"{""type"":""Point"",""coordinates"":[-85.31773,38.59256]}"
122683,Liberty,"{""type"":""Point"",""coordinates"":[-84.9394,37.31841]}"
122752,Russell,"{""type"":""Point"",""coordinates"":[-82.69766,38.5173]}"
123109,Berlin,"{""type"":""Point"",""coordinates"":[-75.21769,38.32262]}"
123370,South Kensington,"{""type"":""Point"",""coordinates"":[-77.07998,39.019]}"
123597,Liberty,"{""type"":""Point"",""coordinates"":[-94.41912,39.24611]}"
123875,Liberty,"{""type"":""Point"",""coordinates"":[-90.81232,31.15823]}"
123988,Albemarle,"{""type"":""Point"",""coordinates"":[-80.20006,35.35014]}"
124210,Liberty,"{""type"":""Point"",""coordinates"":[-79.57169,35.85347]}"
124239,Midland,"{""type"":""Point"",""coordinates"":[-80.50062,35.22737]}"
124465,Berlin,"{""type"":""Point"",""coordinates"":[-74.92905,39.79123]}"
124895,Chelsea,"{""type"":""Point"",""coordinates"":[-95.43247,36.53565]}"
124941,Grove,"{""type"":""Point"",""coordinates"":[-94.76912,36.59369]}"
124962,Jones,"{""type"":""Point"",""coordinates"":[-97.28698,35.56589]}"
125069,Thomas,"{""type"":""Point"",""coordinates"":[-98.74758,35.74422]}"
125102,Berlin,"{""type"":""Point"",""coordinates"":[-78.9578,39.92064]}"
125356,Liberty,"{""type"":""Point"",""coordinates"":[-82.69236,34.78789]}"
125490,Brighton,"{""type"":""Point"",""coordinates"":[-86.43916,35.08009]}"
125491,Brighton,"{""type"":""Point"",""coordinates"":[-89.72508,35.48397]}"
125782,Anna,"{""type"":""Point"",""coordinates"":[-96.5486,33.349]}"
125815,Bedford,"{""type"":""Point"",""coordinates"":[-97.14307,32.84402]}"
126122,Ingram,"{""type"":""Point"",""coordinates"":[-99.24032,30.07743]}"
126207,Liberty,"{""type"":""Point"",""coordinates"":[-94.79548,30.05799]}"
126228,Lucas,"{""type"":""Point"",""coordinates"":[-96.57666,33.08429]}"
126631,Bedford,"{""type"":""Point"",""coordinates"":[-79.52309,37.33431]}"
126657,Buckingham,"{""type"":""Point"",""coordinates"":[-78.55556,37.55015]}"
126870,Petersburg,"{""type"":""Point"",""coordinates"":[-77.40193,37.22793]}"
127067,Petersburg,"{""type"":""Point"",""coordinates"":[-79.12392,38.99261]}"
127211,Greenwich,"{""type"":""Point"",""coordinates"":[-73.62846,41.02649]}"
127347,Bedford,"{""type"":""Point"",""coordinates"":[-94.72136,40.66693]}"
127975,Petersburg,"{""type"":""Point"",""coordinates"":[-89.84817,40.01172]}"
128332,Bedford,"{""type"":""Point"",""coordinates"":[-71.27617,42.49065]}"
128337,Berlin,"{""type"":""Point"",""coordinates"":[-71.63701,42.3812]}"
128368,Chelsea,"{""type"":""Point"",""coordinates"":[-71.03283,42.39176]}"
128711,Chelsea,"{""type"":""Point"",""coordinates"":[-69.71727,44.25035]}"
128751,Friendship,"{""type"":""Point"",""coordinates"":[-69.33394,43.98369]}"
128966,Brighton,"{""type"":""Point"",""coordinates"":[-83.78022,42.52948]}"
128993,Chelsea,"{""type"":""Point"",""coordinates"":[-84.0205,42.31809]}"
129180,Midland,"{""type"":""Point"",""coordinates"":[-84.24721,43.61558]}"
129227,Petersburg,"{""type"":""Point"",""coordinates"":[-83.71494,41.90116]}"
129908,Bedford,"{""type"":""Point"",""coordinates"":[-71.5159,42.94647]}"
129910,Berlin,"{""type"":""Point"",""coordinates"":[-71.18508,44.46867]}"
130482,Bedford,"{""type"":""Point"",""coordinates"":[-73.64374,41.20426]}"
130512,Brighton,"{""type"":""Point"",""coordinates"":[-77.55055,43.14756]}"
130682,Friendship,"{""type"":""Point"",""coordinates"":[-78.13751,42.20646]}"
130719,Greenwich,"{""type"":""Point"",""coordinates"":[-73.49873,43.09063]}"
130829,Liberty,"{""type"":""Point"",""coordinates"":[-74.74655,41.8012]}"
131046,Potsdam,"{""type"":""Point"",""coordinates"":[-74.98131,44.66978]}"
131278,Anna,"{""type"":""Point"",""coordinates"":[-84.17272,40.39449]}"
131298,Bedford,"{""type"":""Point"",""coordinates"":[-81.53651,41.39311]}"
131424,Greenwich,"{""type"":""Point"",""coordinates"":[-82.51573,41.03005]}"
131727,Bedford,"{""type"":""Point"",""coordinates"":[-78.50391,40.01869]}"
132037,Ingram,"{""type"":""Point"",""coordinates"":[-80.06756,40.44618]}"
132047,Jermyn,"{""type"":""Point"",""coordinates"":[-75.54546,41.53091]}"
132098,Liberty,"{""type"":""Point"",""coordinates"":[-79.85616,40.32535]}"
132153,Midland,"{""type"":""Point"",""coordinates"":[-80.44645,40.63257]}"
132154,Midland,"{""type"":""Point"",""coordinates"":[-80.21811,40.25896]}"
132265,Paradise,"{""type"":""Point"",""coordinates"":[-76.12857,40.00982]}"
132335,Russell,"{""type"":""Point"",""coordinates"":[-79.13505,41.94145]}"
132646,Chelsea,"{""type"":""Point"",""coordinates"":[-72.4476,43.98979]}"
132722,Berlin,"{""type"":""Point"",""coordinates"":[-88.94345,43.96804]}"
132813,Friendship,"{""type"":""Point"",""coordinates"":[-89.81679,43.97053]}"
133936,Paradise,"{""type"":""Point"",""coordinates"":[-121.62192,39.75961]}"
134271,Brighton,"{""type"":""Point"",""coordinates"":[-104.82053,39.98526]}"
134617,Paradise,"{""type"":""Point"",""coordinates"":[-115.14666,36.09719]}"
134720,Midland,"{""type"":""Point"",""coordinates"":[-102.07791,31.99735]}"
134732,Petersburg,"{""type"":""Point"",""coordinates"":[-101.59739,33.86952]}"
134780,Wheeler,"{""type"":""Point"",""coordinates"":[-100.27096,35.44533]}"
134865,Petersburg,"{""type"":""Point"",""coordinates"":[-132.95556,56.8125]}"
135524,Liberty,"{""type"":""Point"",""coordinates"":[-111.86355,41.33355]}"
135793,Midland,"{""type"":""Point"",""coordinates"":[-122.40484,47.16704]}"
1523,Lincoln,"{""type"":""Point"",""coordinates"":[-61.5302,-34.86649]}"
3497,Virginia,"{""type"":""Point"",""coordinates"":[138.56027,-34.6663]}"
4084,Hamilton,"{""type"":""Point"",""coordinates"":[142.02202,-37.74425]}"
4129,Franklin,"{""type"":""Point"",""coordinates"":[147.00906,-43.08884]}"
4240,Cambridge,"{""type"":""Point"",""coordinates"":[147.45,-42.83333]}"
6029,Hamilton,"{""type"":""Point"",""coordinates"":[-64.77797,32.29149]}"
6639,Carolina,"{""type"":""Point"",""coordinates"":[-47.46944,-7.33278]}"
8602,Bancroft,"{""type"":""Point"",""coordinates"":[-77.85702,45.05752]}"
8658,Cambridge,"{""type"":""Point"",""coordinates"":[-80.31269,43.3601]}"
8738,Dorchester,"{""type"":""Point"",""coordinates"":[-81.06643,42.98339]}"
8805,Hamilton,"{""type"":""Point"",""coordinates"":[-79.84963,43.25011]}"
8955,Morris,"{""type"":""Point"",""coordinates"":[-97.36567,49.35499]}"
9229,Vernon,"{""type"":""Point"",""coordinates"":[-119.26905,50.25809]}"
26545,Carolina,"{""type"":""Point"",""coordinates"":[-75.28168,6.72439]}"
32951,Much,"{""type"":""Point"",""coordinates"":[7.4,50.91667]}"
47556,Genet,"{""type"":""Point"",""coordinates"":[38.5,9.06667]}"
48534,Vernon,"{""type"":""Point"",""coordinates"":[1.46332,49.09292]}"
50540,Rives,"{""type"":""Point"",""coordinates"":[5.49926,45.35505]}"
52518,Liancourt,"{""type"":""Point"",""coordinates"":[2.46595,49.33034]}"
57038,Uxbridge,"{""type"":""Point"",""coordinates"":[-0.47961,51.54619]}"
58081,Manchester,"{""type"":""Point"",""coordinates"":[-2.23743,53.48095]}"
58121,Lund,"{""type"":""Point"",""coordinates"":[-0.52211,53.9192]}"
58259,Lincoln,"{""type"":""Point"",""coordinates"":[-0.53792,53.22683]}"
58703,Hamilton,"{""type"":""Point"",""coordinates"":[-4.03333,55.76667]}"
59104,Dorchester,"{""type"":""Point"",""coordinates"":[-2.43333,50.71667]}"
59444,Carrington,"{""type"":""Point"",""coordinates"":[-2.38333,53.43333]}"
59473,Cambridge,"{""type"":""Point"",""coordinates"":[0.11667,52.2]}"
59702,Blackwell,"{""type"":""Point"",""coordinates"":[-1.33333,53.11667]}"
84879,Cambridge,"{""type"":""Point"",""coordinates"":[-77.90252,18.31326]}"
93507,Lincoln,"{""type"":""Point"",""coordinates"":[172.48333,-43.65]}"
93517,Hamilton,"{""type"":""Point"",""coordinates"":[175.28333,-37.78333]}"
93578,Cambridge,"{""type"":""Point"",""coordinates"":[175.4402,-37.87822]}"
93831,Vice,"{""type"":""Point"",""coordinates"":[-80.78333,-5.41667]}"
95258,Union,"{""type"":""Point"",""coordinates"":[121.8963,11.7612]}"
95259,Union,"{""type"":""Point"",""coordinates"":[124.3252,10.6695]}"
95260,Union,"{""type"":""Point"",""coordinates"":[124.5151,10.0475]}"
95261,Union,"{""type"":""Point"",""coordinates"":[126.11028,9.75667]}"
99537,Adams,"{""type"":""Point"",""coordinates"":[120.9,18.46667]}"
102977,Carolina,"{""type"":""Point"",""coordinates"":[-65.95739,18.38078]}"
114056,Lund,"{""type"":""Point"",""coordinates"":[13.19321,55.70584]}"
120341,Yorktown,"{""type"":""Point"",""coordinates"":[-76.50967,37.23876]}"
120370,Butler,"{""type"":""Point"",""coordinates"":[-88.22197,32.08959]}"
120460,Hamilton,"{""type"":""Point"",""coordinates"":[-87.98864,34.14232]}"
120483,Jackson,"{""type"":""Point"",""coordinates"":[-87.89444,31.50905]}"
120499,Lincoln,"{""type"":""Point"",""coordinates"":[-86.11831,33.61316]}"
120526,Morris,"{""type"":""Point"",""coordinates"":[-86.8086,33.74816]}"
120531,Mount Vernon,"{""type"":""Point"",""coordinates"":[-88.01333,31.08518]}"
120621,Vernon,"{""type"":""Point"",""coordinates"":[-88.10892,33.75705]}"
120636,Alexander,"{""type"":""Point"",""coordinates"":[-92.44127,34.62954]}"
120676,Clinton,"{""type"":""Point"",""coordinates"":[-92.46044,35.59147]}"
120754,Lincoln,"{""type"":""Point"",""coordinates"":[-94.42355,35.94953]}"
121541,Trenton,"{""type"":""Point"",""coordinates"":[-82.81762,29.61329]}"
121661,Butler,"{""type"":""Point"",""coordinates"":[-84.23825,32.55709]}"
121748,Franklin,"{""type"":""Point"",""coordinates"":[-85.098,33.27762]}"
121767,Hamilton,"{""type"":""Point"",""coordinates"":[-84.87493,32.75791]}"
121791,Jackson,"{""type"":""Point"",""coordinates"":[-83.96602,33.29457]}"
121793,Jefferson,"{""type"":""Point"",""coordinates"":[-83.57239,34.11705]}"
121794,Jefferson,"{""type"":""Point"",""coordinates"":[-83.31155,33.4493]}"
121810,Lexington,"{""type"":""Point"",""coordinates"":[-83.11182,33.86984]}"
121829,Manchester,"{""type"":""Point"",""coordinates"":[-84.61993,32.85985]}"
121842,Monroe,"{""type"":""Point"",""coordinates"":[-83.71323,33.79484]}"
121850,Mount Vernon,"{""type"":""Point"",""coordinates"":[-82.59458,32.17851]}"
121926,Sparks,"{""type"":""Point"",""coordinates"":[-83.43738,31.16686]}"
121927,Sparks,"{""type"":""Point"",""coordinates"":[-82.73764,33.08793]}"
121952,Trenton,"{""type"":""Point"",""coordinates"":[-85.50913,34.87202]}"
121977,West Point,"{""type"":""Point"",""coordinates"":[-85.18327,32.87791]}"
121978,West Point,"{""type"":""Point"",""coordinates"":[-83.80741,32.79347]}"
122116,Mount Vernon,"{""type"":""Point"",""coordinates"":[-88.90312,38.31727]}"
122176,Trenton,"{""type"":""Point"",""coordinates"":[-89.68204,38.6056]}"
122186,Virginia,"{""type"":""Point"",""coordinates"":[-90.21234,39.95116]}"
122227,Clinton,"{""type"":""Point"",""coordinates"":[-87.39807,39.65698]}"
122290,Mount Vernon,"{""type"":""Point"",""coordinates"":[-87.89503,37.93227]}"
122454,Lincoln,"{""type"":""Point"",""coordinates"":[-98.14477,39.04084]}"
122583,Clinton,"{""type"":""Point"",""coordinates"":[-88.9934,36.66728]}"
122624,Franklin,"{""type"":""Point"",""coordinates"":[-86.57722,36.72226]}"
122663,Jackson,"{""type"":""Point"",""coordinates"":[-83.38351,37.55315]}"
122664,Jackson,"{""type"":""Point"",""coordinates"":[-84.87079,37.82508]}"
122681,Lexington,"{""type"":""Point"",""coordinates"":[-84.47772,37.98869]}"
122692,Manchester,"{""type"":""Point"",""coordinates"":[-83.76186,37.1537]}"
122712,Mount Vernon,"{""type"":""Point"",""coordinates"":[-84.49522,38.02563]}"
122713,Mount Vernon,"{""type"":""Point"",""coordinates"":[-84.34049,37.35286]}"
122716,Murray,"{""type"":""Point"",""coordinates"":[-88.31476,36.61033]}"
122780,Union,"{""type"":""Point"",""coordinates"":[-84.6805,38.9459]}"
122864,Clinton,"{""type"":""Point"",""coordinates"":[-91.01566,30.86574]}"
122897,Franklin,"{""type"":""Point"",""coordinates"":[-91.5015,29.79604]}"
122931,Jackson,"{""type"":""Point"",""coordinates"":[-91.21761,30.8374]}"
122934,Jefferson,"{""type"":""Point"",""coordinates"":[-90.15313,29.96604]}"
122984,Monroe,"{""type"":""Point"",""coordinates"":[-92.1193,32.50931]}"
122996,New Orleans,"{""type"":""Point"",""coordinates"":[-90.07507,29.95465]}"
123058,Supreme,"{""type"":""Point"",""coordinates"":[-90.98121,29.85937]}"
123074,Walker,"{""type"":""Point"",""coordinates"":[-90.86149,30.48797]}"
123130,Cambridge,"{""type"":""Point"",""coordinates"":[-76.07883,38.56317]}"
123152,Clinton,"{""type"":""Point"",""coordinates"":[-76.89831,38.76511]}"
123199,Fort Washington,"{""type"":""Point"",""coordinates"":[-77.02303,38.70734]}"
123227,Hancock,"{""type"":""Point"",""coordinates"":[-78.17973,39.69898]}"
123246,Jefferson,"{""type"":""Point"",""coordinates"":[-77.53165,39.36205]}"
123276,Manchester,"{""type"":""Point"",""coordinates"":[-76.88498,39.66121]}"
123326,Potomac,"{""type"":""Point"",""coordinates"":[-77.20859,39.01817]}"
123447,Butler,"{""type"":""Point"",""coordinates"":[-94.33051,38.25863]}"
123476,Clinton,"{""type"":""Point"",""coordinates"":[-93.77827,38.36863]}"
123546,Hamilton,"{""type"":""Point"",""coordinates"":[-93.99827,39.74362]}"
123569,Jackson,"{""type"":""Point"",""coordinates"":[-89.66621,37.38227]}"
123596,Lexington,"{""type"":""Point"",""coordinates"":[-93.87994,39.18473]}"
123600,Lincoln,"{""type"":""Point"",""coordinates"":[-93.33465,38.39086]}"
123606,Manchester,"{""type"":""Point"",""coordinates"":[-90.50929,38.597]}"
123627,Mount Vernon,"{""type"":""Point"",""coordinates"":[-93.81854,37.10367]}"
123679,Republic,"{""type"":""Point"",""coordinates"":[-93.48019,37.12005]}"
123739,Union,"{""type"":""Point"",""coordinates"":[-91.00848,38.45005]}"
123807,Clinton,"{""type"":""Point"",""coordinates"":[-90.32176,32.34153]}"
123864,Jackson,"{""type"":""Point"",""coordinates"":[-90.18481,32.29876]}"
123874,Lexington,"{""type"":""Point"",""coordinates"":[-90.05314,33.11318]}"
123964,Union,"{""type"":""Point"",""coordinates"":[-89.12145,32.57153]}"
123980,West Point,"{""type"":""Point"",""coordinates"":[-88.65033,33.60762]}"
124063,Clinton,"{""type"":""Point"",""coordinates"":[-78.32333,34.99795]}"
124124,Franklin,"{""type"":""Point"",""coordinates"":[-83.38154,35.18232]}"
124125,Franklin,"{""type"":""Point"",""coordinates"":[-80.49895,35.72125]}"
124178,Jackson,"{""type"":""Point"",""coordinates"":[-77.42136,36.3896]}"
124182,Jefferson,"{""type"":""Point"",""coordinates"":[-81.47344,36.4204]}"
124209,Lexington,"{""type"":""Point"",""coordinates"":[-80.25338,35.82403]}"
124246,Monroe,"{""type"":""Point"",""coordinates"":[-80.54951,34.98543]}"
124392,Trenton,"{""type"":""Point"",""coordinates"":[-77.35274,35.0671]}"
124512,Jackson,"{""type"":""Point"",""coordinates"":[-74.86238,39.7765]}"
124674,Franklin,"{""type"":""Point"",""coordinates"":[-84.30411,39.55895]}"
124692,Hamilton,"{""type"":""Point"",""coordinates"":[-84.56134,39.3995]}"
124702,Jackson,"{""type"":""Point"",""coordinates"":[-82.63655,39.05202]}"
124720,Logan,"{""type"":""Point"",""coordinates"":[-82.4071,39.54007]}"
124729,Manchester,"{""type"":""Point"",""coordinates"":[-83.60936,38.68813]}"
124743,Monroe,"{""type"":""Point"",""coordinates"":[-84.36216,39.44034]}"
124828,Trenton,"{""type"":""Point"",""coordinates"":[-84.45772,39.48089]}"
124830,Union,"{""type"":""Point"",""coordinates"":[-84.30633,39.89783]}"
124877,Blackwell,"{""type"":""Point"",""coordinates"":[-97.28282,36.80448]}"
124904,Clinton,"{""type"":""Point"",""coordinates"":[-98.96731,35.51561]}"
124960,Jay,"{""type"":""Point"",""coordinates"":[-94.7969,36.42119]}"
124974,Lexington,"{""type"":""Point"",""coordinates"":[-97.33558,35.01479]}"
124999,Morris,"{""type"":""Point"",""coordinates"":[-95.86027,35.6076]}"
125185,Republic,"{""type"":""Point"",""coordinates"":[-79.87671,39.96258]}"
125271,Clinton,"{""type"":""Point"",""coordinates"":[-81.88066,34.47263]}"
125333,Jackson,"{""type"":""Point"",""coordinates"":[-81.78789,33.32542]}"
125355,Lexington,"{""type"":""Point"",""coordinates"":[-81.23621,33.98154]}"
125438,Union,"{""type"":""Point"",""coordinates"":[-81.62371,34.71541]}"
125511,Clinton,"{""type"":""Point"",""coordinates"":[-84.13186,36.10341]}"
125560,Franklin,"{""type"":""Point"",""coordinates"":[-86.86889,35.92506]}"
125593,Jackson,"{""type"":""Point"",""coordinates"":[-88.81395,35.61452]}"
125620,Lexington,"{""type"":""Point"",""coordinates"":[-88.39338,35.6509]}"
125631,Manchester,"{""type"":""Point"",""coordinates"":[-86.0886,35.48174]}"
125702,Rutledge,"{""type"":""Point"",""coordinates"":[-83.5149,36.28092]}"
125735,Trenton,"{""type"":""Point"",""coordinates"":[-88.94145,35.98062]}"
125825,Benjamin,"{""type"":""Point"",""coordinates"":[-99.79231,33.58398]}"
125924,Cooper,"{""type"":""Point"",""coordinates"":[-95.68829,33.37344]}"
125925,Cooper,"{""type"":""Point"",""coordinates"":[-95.58217,31.24324]}"
126013,Franklin,"{""type"":""Point"",""coordinates"":[-96.48524,31.02602]}"
126068,Hamilton,"{""type"":""Point"",""coordinates"":[-98.12392,31.70377]}"
126132,Jefferson,"{""type"":""Point"",""coordinates"":[-94.34519,32.75736]}"
126206,Lexington,"{""type"":""Point"",""coordinates"":[-97.01165,30.4191]}"
126284,Mount Vernon,"{""type"":""Point"",""coordinates"":[-95.22133,33.18873]}"
126498,Sparks,"{""type"":""Point"",""coordinates"":[-97.35972,30.92852]}"
126554,Vernon,"{""type"":""Point"",""coordinates"":[-99.26628,34.15536]}"
126565,Webster,"{""type"":""Point"",""coordinates"":[-95.11826,29.53773]}"
126609,Yorktown,"{""type"":""Point"",""coordinates"":[-97.50277,28.98109]}"
126746,Franklin,"{""type"":""Point"",""coordinates"":[-76.92246,36.67765]}"
126788,Jefferson,"{""type"":""Point"",""coordinates"":[-77.18776,38.86456]}"
126807,Lexington,"{""type"":""Point"",""coordinates"":[-79.44282,37.78402]}"
126954,West Point,"{""type"":""Point"",""coordinates"":[-76.79635,37.53153]}"
127017,Franklin,"{""type"":""Point"",""coordinates"":[-79.33115,38.64289]}"
127035,Logan,"{""type"":""Point"",""coordinates"":[-81.99346,37.84871]}"
127102,Union,"{""type"":""Point"",""coordinates"":[-80.54368,37.59151]}"
127106,Wayne,"{""type"":""Point"",""coordinates"":[-82.44237,38.22147]}"
127120,Franklin,"{""type"":""Point"",""coordinates"":[-86.05499,39.48061]}"
127181,Union,"{""type"":""Point"",""coordinates"":[-69.27421,44.21147]}"
127230,Manchester,"{""type"":""Point"",""coordinates"":[-72.52148,41.77593]}"
127302,Trumbull,"{""type"":""Point"",""coordinates"":[-73.20067,41.24287]}"
127322,Wolcott,"{""type"":""Point"",""coordinates"":[-72.98677,41.60232]}"
127379,Clinton,"{""type"":""Point"",""coordinates"":[-90.18874,41.84447]}"
127457,Jefferson,"{""type"":""Point"",""coordinates"":[-94.37747,42.01526]}"
127479,Logan,"{""type"":""Point"",""coordinates"":[-95.7889,41.64305]}"
127483,Manchester,"{""type"":""Point"",""coordinates"":[-91.45543,42.48415]}"
127501,Monroe,"{""type"":""Point"",""coordinates"":[-93.10187,41.52221]}"
127506,Mount Vernon,"{""type"":""Point"",""coordinates"":[-91.41684,41.92195]}"
127664,Cambridge,"{""type"":""Point"",""coordinates"":[-90.1929,41.30365]}"
127689,Clinton,"{""type"":""Point"",""coordinates"":[-88.96453,40.15365]}"
127794,Hamilton,"{""type"":""Point"",""coordinates"":[-91.33904,40.39643]}"
127807,Henry,"{""type"":""Point"",""coordinates"":[-89.35648,41.11142]}"
127866,Lexington,"{""type"":""Point"",""coordinates"":[-88.7834,40.64142]}"
127868,Lincoln,"{""type"":""Point"",""coordinates"":[-89.36482,40.14838]}"
127900,McHenry,"{""type"":""Point"",""coordinates"":[-88.26675,42.33336]}"
127919,Morris,"{""type"":""Point"",""coordinates"":[-88.42118,41.35725]}"
128088,Wayne,"{""type"":""Point"",""coordinates"":[-88.2423,41.95086]}"
128138,Butler,"{""type"":""Point"",""coordinates"":[-84.87135,41.42977]}"
128188,Hamilton,"{""type"":""Point"",""coordinates"":[-84.91274,41.53366]}"
128206,Knox,"{""type"":""Point"",""coordinates"":[-86.62501,41.29588]}"
128235,Mount Vernon,"{""type"":""Point"",""coordinates"":[-85.82415,40.66949]}"
128306,Wolcott,"{""type"":""Point"",""coordinates"":[-87.04168,40.75809]}"
128308,Yorktown,"{""type"":""Point"",""coordinates"":[-85.49414,40.17365]}"
128312,Adams,"{""type"":""Point"",""coordinates"":[-73.1176,42.62425]}"
128359,Cambridge,"{""type"":""Point"",""coordinates"":[-71.10561,42.3751]}"
128371,Clinton,"{""type"":""Point"",""coordinates"":[-71.68285,42.41676]}"
128415,Franklin,"{""type"":""Point"",""coordinates"":[-71.39672,42.08343]}"
128428,Hamilton,"{""type"":""Point"",""coordinates"":[-71.76757,42.2562]}"
128429,Hampden,"{""type"":""Point"",""coordinates"":[-72.41342,42.06398]}"
128459,Lee,"{""type"":""Point"",""coordinates"":[-73.24816,42.30425]}"
128464,Lexington,"{""type"":""Point"",""coordinates"":[-71.2245,42.44732]}"
128465,Lincoln,"{""type"":""Point"",""coordinates"":[-71.30395,42.42593]}"
128554,Randolph,"{""type"":""Point"",""coordinates"":[-71.04116,42.1626]}"
128619,Uxbridge,"{""type"":""Point"",""coordinates"":[-71.62951,42.07732]}"
128630,Webster,"{""type"":""Point"",""coordinates"":[-71.88007,42.0501]}"
128716,Clinton,"{""type"":""Point"",""coordinates"":[-69.5031,44.63784]}"
128749,Franklin,"{""type"":""Point"",""coordinates"":[-68.23224,44.58702]}"
128761,Hampden,"{""type"":""Point"",""coordinates"":[-68.83698,44.74452]}"
128762,Hancock,"{""type"":""Point"",""coordinates"":[-68.25363,44.52924]}"
128775,Jay,"{""type"":""Point"",""coordinates"":[-70.21617,44.50395]}"
128776,Jefferson,"{""type"":""Point"",""coordinates"":[-69.45254,44.20674]}"
128792,Lincoln,"{""type"":""Point"",""coordinates"":[-68.50502,45.36228]}"
128804,Manchester,"{""type"":""Point"",""coordinates"":[-69.86033,44.32451]}"
128814,Mount Vernon,"{""type"":""Point"",""coordinates"":[-69.98756,44.50118]}"
128850,Randolph,"{""type"":""Point"",""coordinates"":[-69.76671,44.23035]}"
128890,Trenton,"{""type"":""Point"",""coordinates"":[-68.37002,44.43897]}"
128902,Wayne,"{""type"":""Point"",""coordinates"":[-70.06616,44.34868]}"
128998,Clinton,"{""type"":""Point"",""coordinates"":[-83.97161,42.07199]}"
128999,Clinton,"{""type"":""Point"",""coordinates"":[-82.91992,42.58698]}"
129058,Franklin,"{""type"":""Point"",""coordinates"":[-83.30604,42.52226]}"
129087,Hancock,"{""type"":""Point"",""coordinates"":[-88.58096,47.12687]}"
129122,Jackson,"{""type"":""Point"",""coordinates"":[-84.40135,42.24587]}"
129153,Lexington,"{""type"":""Point"",""coordinates"":[-82.53076,43.26808]}"
129162,Manchester,"{""type"":""Point"",""coordinates"":[-84.03772,42.15032]}"
129185,Monroe,"{""type"":""Point"",""coordinates"":[-83.39771,41.91643]}"
129230,Pinckney,"{""type"":""Point"",""coordinates"":[-83.94634,42.4567]}"
129314,Trenton,"{""type"":""Point"",""coordinates"":[-83.17826,42.13949]}"
129326,Walker,"{""type"":""Point"",""coordinates"":[-85.76809,43.00141]}"
129333,Wayne,"{""type"":""Point"",""coordinates"":[-83.38632,42.28143]}"
129404,Cambridge,"{""type"":""Point"",""coordinates"":[-93.22439,45.57274]}"
129512,Jackson,"{""type"":""Point"",""coordinates"":[-94.9886,43.62079]}"
129533,Lexington,"{""type"":""Point"",""coordinates"":[-93.16328,45.14247]}"
129576,Morris,"{""type"":""Point"",""coordinates"":[-95.91394,45.58607]}"
129698,Virginia,"{""type"":""Point"",""coordinates"":[-92.53657,47.52326]}"
129703,Walker,"{""type"":""Point"",""coordinates"":[-94.58722,47.10135]}"
129747,Trenton,"{""type"":""Point"",""coordinates"":[-93.61661,40.0789]}"
129752,Carrington,"{""type"":""Point"",""coordinates"":[-99.12622,47.44972]}"
129761,Forman,"{""type"":""Point"",""coordinates"":[-97.63649,46.10774]}"
129824,Franklin,"{""type"":""Point"",""coordinates"":[-98.95258,40.09612]}"
129842,Lexington,"{""type"":""Point"",""coordinates"":[-99.7415,40.78084]}"
129843,Lincoln,"{""type"":""Point"",""coordinates"":[-96.66696,40.8]}"
129889,Wayne,"{""type"":""Point"",""coordinates"":[-97.01782,42.23056]}"
129891,West Point,"{""type"":""Point"",""coordinates"":[-96.70864,41.84167]}"
129948,Franklin,"{""type"":""Point"",""coordinates"":[-71.6473,43.44424]}"
129978,Jefferson,"{""type"":""Point"",""coordinates"":[-71.47453,44.41895]}"
129985,Lee,"{""type"":""Point"",""coordinates"":[-71.01145,43.12314]}"
129994,Manchester,"{""type"":""Point"",""coordinates"":[-71.45479,42.99564]}"
130063,Webster,"{""type"":""Point"",""coordinates"":[-71.71786,43.32897]}"
130109,Butler,"{""type"":""Point"",""coordinates"":[-74.34154,41.00371]}"
130123,Clinton,"{""type"":""Point"",""coordinates"":[-74.90989,40.63677]}"
130168,Franklin,"{""type"":""Point"",""coordinates"":[-74.58044,41.12204]}"
130390,Trenton,"{""type"":""Point"",""coordinates"":[-74.74294,40.21705]}"
130392,Union,"{""type"":""Point"",""coordinates"":[-74.2632,40.6976]}"
130407,Wayne,"{""type"":""Point"",""coordinates"":[-74.27654,40.92538]}"
130432,Adams,"{""type"":""Point"",""coordinates"":[-76.02409,43.80923]}"
130531,Cambridge,"{""type"":""Point"",""coordinates"":[-73.38122,43.02813]}"
130572,Clinton,"{""type"":""Point"",""coordinates"":[-75.3785,43.0484]}"
130726,Hamilton,"{""type"":""Point"",""coordinates"":[-75.54462,42.82701]}"
130730,Hancock,"{""type"":""Point"",""coordinates"":[-75.28045,41.95398]}"
130855,Manchester,"{""type"":""Point"",""coordinates"":[-77.23026,42.96979]}"
130900,Monroe,"{""type"":""Point"",""coordinates"":[-74.18681,41.33065]}"
130916,Mount Vernon,"{""type"":""Point"",""coordinates"":[-73.83708,40.9126]}"
131054,Randolph,"{""type"":""Point"",""coordinates"":[-78.97532,42.162]}"
131189,Vernon,"{""type"":""Point"",""coordinates"":[-75.53934,43.07951]}"
131219,Webster,"{""type"":""Point"",""coordinates"":[-77.42999,43.21229]}"
131237,West Point,"{""type"":""Point"",""coordinates"":[-73.95597,41.39148]}"
131257,Wolcott,"{""type"":""Point"",""coordinates"":[-76.81496,43.22062]}"
131332,Cambridge,"{""type"":""Point"",""coordinates"":[-81.58846,40.03118]}"
131347,Clinton,"{""type"":""Point"",""coordinates"":[-81.6304,40.92672]}"
131442,Jefferson,"{""type"":""Point"",""coordinates"":[-80.76981,41.73867]}"
131458,Lexington,"{""type"":""Point"",""coordinates"":[-82.58239,40.67867]}"
131474,Manchester,"{""type"":""Point"",""coordinates"":[-81.56929,40.937]}"
131511,Mount Vernon,"{""type"":""Point"",""coordinates"":[-82.48572,40.3934]}"
131785,Butler,"{""type"":""Point"",""coordinates"":[-79.89533,40.86118]}"
131951,Fort Washington,"{""type"":""Point"",""coordinates"":[-75.20906,40.14178]}"
131958,Franklin,"{""type"":""Point"",""coordinates"":[-79.83144,41.39784]}"
132063,Knox,"{""type"":""Point"",""coordinates"":[-79.53727,41.23451]}"
132102,Lincoln,"{""type"":""Point"",""coordinates"":[-79.85477,40.31896]}"
132119,Manchester,"{""type"":""Point"",""coordinates"":[-76.7183,40.06315]}"
132471,Wayne,"{""type"":""Point"",""coordinates"":[-75.38769,40.044]}"
132633,Webster,"{""type"":""Point"",""coordinates"":[-97.52009,45.33218]}"
132673,Randolph,"{""type"":""Point"",""coordinates"":[-72.66594,43.92507]}"
132695,Adams,"{""type"":""Point"",""coordinates"":[-89.81818,43.95608]}"
132743,Butler,"{""type"":""Point"",""coordinates"":[-88.06953,43.10584]}"
132746,Cambridge,"{""type"":""Point"",""coordinates"":[-89.0165,43.00361]}"
132758,Clinton,"{""type"":""Point"",""coordinates"":[-88.86511,42.55779]}"
132808,Franklin,"{""type"":""Point"",""coordinates"":[-88.03842,42.88863]}"
132846,Jackson,"{""type"":""Point"",""coordinates"":[-88.16676,43.32389]}"
132848,Jefferson,"{""type"":""Point"",""coordinates"":[-88.80733,43.00556]}"
132911,Monroe,"{""type"":""Point"",""coordinates"":[-89.63845,42.60112]}"
132974,Randolph,"{""type"":""Point"",""coordinates"":[-89.00678,43.53915]}"
133119,Clinton,"{""type"":""Point"",""coordinates"":[-72.52759,41.27871]}"
133157,Congress,"{""type"":""Point"",""coordinates"":[-112.85074,34.16253]}"
133442,Carmichael,"{""type"":""Point"",""coordinates"":[-121.32828,38.61713]}"
133695,Jackson,"{""type"":""Point"",""coordinates"":[-120.7741,38.3488]}"
133767,Lincoln,"{""type"":""Point"",""coordinates"":[-121.29301,38.89156]}"
134320,Fountain,"{""type"":""Point"",""coordinates"":[-104.70081,38.68222]}"
134513,Logan,"{""type"":""Point"",""coordinates"":[-103.41079,35.36533]}"
134624,Sparks,"{""type"":""Point"",""coordinates"":[-119.75269,39.53491]}"
134761,Sparks,"{""type"":""Point"",""coordinates"":[-106.2397,31.67261]}"
134811,Monroe,"{""type"":""Point"",""coordinates"":[-112.12076,38.62997]}"
135012,Lincoln,"{""type"":""Point"",""coordinates"":[-111.96441,43.51297]}"
135078,Clinton,"{""type"":""Point"",""coordinates"":[-113.7126,46.76909]}"
135100,Hamilton,"{""type"":""Point"",""coordinates"":[-114.16037,46.24687]}"
135113,Lincoln,"{""type"":""Point"",""coordinates"":[-112.68171,46.95494]}"
135172,Lincoln,"{""type"":""Point"",""coordinates"":[-100.7004,46.76249]}"
135195,Cambridge,"{""type"":""Point"",""coordinates"":[-100.16569,40.28195]}"
135222,Trenton,"{""type"":""Point"",""coordinates"":[-101.01294,40.17555]}"
135321,Jefferson,"{""type"":""Point"",""coordinates"":[-123.01037,44.71957]}"
135424,Union,"{""type"":""Point"",""coordinates"":[-117.86521,45.20847]}"
135482,Benjamin,"{""type"":""Point"",""coordinates"":[-111.73132,40.09829]}"
135492,Clinton,"{""type"":""Point"",""coordinates"":[-112.0505,41.13967]}"
135526,Logan,"{""type"":""Point"",""coordinates"":[-111.83439,41.73549]}"
135540,Murray,"{""type"":""Point"",""coordinates"":[-111.88799,40.66689]}"
135558,Randolph,"{""type"":""Point"",""coordinates"":[-111.18214,41.66578]}"
135594,West Point,"{""type"":""Point"",""coordinates"":[-112.08411,41.11828]}"
135777,Manchester,"{""type"":""Point"",""coordinates"":[-122.54486,47.55593]}"
135800,Monroe,"{""type"":""Point"",""coordinates"":[-121.97096,47.85538]}"
135804,Mount Vernon,"{""type"":""Point"",""coordinates"":[-122.33405,48.42122]}"
135852,Republic,"{""type"":""Point"",""coordinates"":[-118.73781,48.64822]}"
135968,Jackson,"{""type"":""Point"",""coordinates"":[-110.76243,43.47993]}"
136262,Mount Vernon,"{""type"":""Point"",""coordinates"":[-77.10726,38.71919]}"
136517,Randolph,"{""type"":""Point"",""coordinates"":[-74.58148,40.84829]}"
137971,Virginia,"{""type"":""Point"",""coordinates"":[26.86593,-28.10391]}"
138187,Carolina,"{""type"":""Point"",""coordinates"":[30.11489,-26.06927]}"
